Text,Label
Ăn sáng không ngon,1
Ban giám đốc khu nghỉ xem lại cách tính giá cả dịch vụ và thu phụ phí thái độ nhân viên khi khách check out thì coi không ra gì,1
bộ phận sales kém,1
Bố trí trong phòng không hợp lý,1
Cách âm kém,1
Cần cải thiện,4
Cần cải thiện 1 chút để tuyệt vời hơn,4
Cần cải thiện bữa ăn sáng,4
Cần cải thiện chất lượng buffet sáng,4
Cần cải tiến để đủ chuẩn 5 sao,4
Cần cân nhắc,2
Cần cẩn trọng trong việc sắp phòng,2
"Cân nhắc giá cao và mức phí phụ thu, ăn sáng không phong phú và mau hết đồ ăn",2
chán,1
Chắc là sẽ không quay lại,1
"Chăn ga gối nệm bẩn, giường, lò xo, võng không thoải mái",1
chất lượng 2 sao,1
chất lượng dịch vụ quá tệ,1
chất lượng kém,1
chất lượng không tương xứng,1
Chất lượng nhân viên kém,1
Chi phí phòng và dịch vụ không ổn.,1
Chiếc bánh kem bị hỏng,2
cơ sở vật chất phòng ốc 5 sao nhưng cái tâm khi làm dịch vụ chưa cao,4
cực kì tệ,1
dịch vụ kém,1
Dịch vụ kém,1
dịch vụ khách sạn quá kém,1
Dịch Vụ không tương xứng,1
Dịch vụ không xứng đồng tiền,1
dịch vụ quá tệ,1
Dịch vụ tệ,1
dịch vụ tồi tệ và khủng khiếp,1
"Dọn phòng không kỹ, xử lý vấn đề chậm.",1
dối trá và coi thường khách hàng,1
đáng ra với tiếng tăm như vậy thì nên làm tốt hơn,1
Đánh giá không được 5 sao,2
đặt phòng view biển nhưng phòng view công trình đang xây dựng,2
Đi nghỉ dưỡng nhưng vác thêm bực bội vào trong mình,1
đón sinh nhật tại amiana quá tệ,1
Đông khách Trung Quốc quá,2
Giá đắt so với chất lượng,1
Giá đắt so với dịch vụ,1
"Giá hơi mắc so với tiện nghi khách sạn, cách âm kém",1
Hệ thống nước nóng hoạt động không tốt,2
Hơi mất vui,2
Hơi thất vọng,2
kém,1
khá tệ,1
khách sạn 5 sao nhưng hành xử rất lạ hoàn toàn thất vọng,2
Khách sạn âm u và cũ kỹ,1
Khách sạn chất lượng kém,1
Khách sạn có nhiều vấn đề như thế này đấy.,2
khách sạn có view đẹp nhưng dịch vụ không tốt,2
"Khách sạn cũ, nhân viên phục vụ kém",1
Khách sạn không tương xứng với đáng giá 4 sao,1
khách sạn quá tệ,1
Khách sạn quá tệ so với giá tiền,1
khách sạn rất tệ,1
khách sạn tuyệt vời có 1 nhân viên phục vụ tồi,1
không chuyên nghiệp,1
Không còn tốt như xưa,2
"Không đáng giá tiền, thiếu các tiện nghi trong phòng và không giống hình ảnh cung cấp",1
không được thoải mái,1
không được tốt,1
Không hài lòng,1
Không hài lòng,1
"Không hài lòng lắm vì hình ảnh trên đặt trước không giống thực tế phòng tôi đã ở, tên gọi cũng khác.",1
Không hài lòng về lễ tân,1
Không hẳn như mong đợi,2
Không mấy vui vẻ,1
Không nên ở,1
Không như mong đợi,1
Không phải lúc nào ở khách sạn 5 sao thì cũng có trải nghiệm tốt nhất,1
không thật sự tốt,1
Không thích nơi này,1
Không thoải mái lắm,1
không tin vào mắt mình đây là khách sạn năm sao,1
không trung thực dịch vụ chăm sóc khách hàng tồi tệ,1
Không truy cập được vào Wifi.,1
không uy tín,1
Không xứng với danh hiệu 5 sao,1
"không xứng với giá tiền, thức ăn sáng quá dở",1
"khung cảnh còn ổn, đồ ăn sáng nghèo nàn, quản lý và nhân viên quá tệ khách không được tôn trọng",1
Khủng khiếp,1
kinh khủng tồi tệ,1
kinh tởm về dịch vụ,1
Kỳ nghỉ hơi khó chịu,1
lễ tân không chuyên nghiệp,1
lễ tân thiếu thân thiện phòng ốc bình thường giá chát khách sạn 4 sao nước hồ bơi lạnh như quỷ,1
Mất đồ khi dọn phòng,1
mất niềm tin vào vinpearl hotel,1
mất tiền tại vinpearl nha trang resort bay,1
Mất tiền trông xe qua đêm,1
mình đã bị nhận phòng phòng chưa dọn với toilet chưa dội và dơ,1
mọi thứ đều ổn trừ khách sạn,1
món ăn rất tệ,1
một đi không trở lại,1
"Nhân viên ít có nụ cười, dép không vệ sinh.",1
"Nhân viên không tốt lắm, dịch vụ hơi khó khăn.",1
nhân viên không tốt và tiện nghi không đủ,1
nhân viên không trung thực,1
"Nhân viên lễ tân hơi chảnh, hồ bơi không có người trực và không được sạch sẽ",1
Nhân viên lễ tân mặt luôn kên kên,1
"Nhân viên mất lịch sự, khinh thường khách",1
"Nhân viên nghiệp vụ còn rất kém, khi đặt trên Agoda cảm
giác khó chịu ra mặt.",1
Nhân viên phục vụ tồi tệ,1
Nhân viên rất đáng thất vọng,1
nhân viên xem thường khách hàng,1
những trải nghiệm quá đáng sợ,1
"nói chung Đà Lạt có nhiều sự lựa chọn về chỗ nghỉ, nên chắc chắn là không quay lại nữa",1
"Nói chung là ổn định trong tầm giá, còn dịch vụ đạt 4 sao thì chưa",2
ồn ào,1
"Ồn ào vì phòng cách âm quá kém, các phòng bên cạnh gây ồn ào ban đêm không thể ngủ được, quạt thông gió nhà vệ sinh là quạt trung tâm và ngưng hoạt động vào buổi tối gây bất tiện khi dùng vì không tự mở được",1
"Phòng áp mái nhỏ, bị cụng đầu",1
phòng bẩn nhân viên thờ ơ,1
Phòng bị mốc,1
Phòng cách âm không tốt lắm,2
Phòng cách âm rất kém,1
"Phòng cách âm tệ, nhân viên lười biếng không hiếu khách",1
Phòng cũ,1
"Phòng cũ, cách âm kém và nhiều muỗi",1
Phòng hơi bí,2
Phòng khách sạn nhỏ,1
Phòng không cách âm ,1
"Phòng không cách âm, các phòng khác nói chuyện hay làm gì đều nghe được hết.",1
Phòng không cảm giác riêng tư,1
"phòng không có view như trên hình ảnh, mở cửa là vách tường, nhân viên phục vụ bình thường, phòng sạch sẽ, mở cửa 24 giờ cho khách",2
phòng không đẹp không có điều hòa,1
"Phòng không như hình, cây to chắn mất view",1
"Phòng không như hình,nhân viên khó chịu, tiếp tân không tốt, ăn sáng tệ",1
phòng không tốt,1
Phòng ốc bố trí không hợp lý,1
Phòng ở dơ bẩn không tiện nghi,1
phòng tầng hầm ẩm thấp ồn ào,1
phòng tiêu chuẩn tầng hầm cực tệ nội thất thua nhà nghỉ bình dân,1
Phụ phí giặt ủi không hợp lý,1
Phục vụ chưa tốt,2
Nhân viên không nhiệt tình lắm,1
Phục vụ tệ,1
quá chán,1
Quá tải và cần chuyên nghiệp hơn,1
quá tệ,1
quá tệ cho 1 khách sạn 5 sao,1
quá tệ không quay lại,1
quá tệ phòng ổn nhưng máy bơm ngay trên đầu ổn alo nhân viên không giải quyết và không nghe điện thoại,1
quá tệ thuê villa mà không cho sử dụng dịch vụ,1
quá tệ tôi và vợ không cảm thấy thoải mái,1
rất không hài lòng,1
rất ồn,1
rất tệ,1
rất thất vọng về khách sạn này,1
Resort chất lượng quá kém,1
"Resort rất cũ, chỉ tương đương 4 sao, mình sẽ không trở lại hay giới thiệu cho người thân và bạn bè.",1
"Sau thời gian dài, tình hình nhân viên điển hình là
Tiếp tân và Phục Vụ vẫn không khá lên nổi.",1
Sẽ không quay trở lại,1
sự thất vọng cực lớn,1
Tệ,1
thái độ coi thường khách hàng,1
Thái độ nhân viên chưa tốt,1
thái độ nhân viên phục vụ không ra gì,1
thái độ phục vụ của nv lễ tân không chấp nhận được phòng ốc không đủ tiêu chuẩn 4,1
thật kinh khủng và không thể chấp nhận,1
thật kinh khủng và không thể chấp nhận được lần thứ 2 ghé vinpearl đã hy vọng sẽ k có chuyện không vui như đợt trước nhưng vẫn như vậy k thay đổi,1
Thất vọng,1
Thất vọng về Sheraton,1
Thất vọng với nhân viên lễ tân,1
thủ tục nhận phòng rập khuôn thiếu linh động và cực kỳ tốn thời gian,1
thức ăn tại resort tệ không phong phú,1
Tín hiệu tivi yếu,1
tôi bị mất ngủ và giờ về tới sài gòn vẫn bị ám ảnh bởi tiếng rên la ấy,1
tôi cảm thấy bị xúc phạm khi cùng gia đình trải nghiệm dịch vụ tại đây,1
trải nghiệm chưa thật sự tốt ở đây,1
trải nghiệm cực kỳ tồi tệ x 1000 lần,1
trải nghiệm không như mong đợi,1
Trải nghiệm không tốt,1
trải nghiệm tệ tại park lounge sài gòn nhân viên thái độ,1
vận hành dịch vụ tệ,1
villa không như mong đợi,1
Vô cùng thất vọng,1
xếp phòng cẩu thả,1
"Bình thường, khá xa trung tâm, đường đèo dốc nguy hiểm,
 phòng tầng hầm bí view, nóng, ồn, đắt và khó ở dài ngày.",1
Chất lượng dịch vụ không tương xứng,1
Chất lượng dịch vụ và cơ sở vật chất chấp nhận được.,1
Chất lượng giảm dần theo năm tháng,1
Chỉ có phong cảnh là đẹp,1
Chưa hài lòng,1
Chưa thực sự hài lòng,1
Chưa tương xứng với 5 sao,1
Chưa xứng đáng 5 sao,1
Có thể chấp nhận được,1
Cơ sở bị hư,1
Bữa sáng tệ,1
"Cảnh đẹp, thất vọng với thiết kế",2
Cảnh quan đẹp nhưng dịch vụ không tốt,2
Cần cải thiện nhiều hơn,1
Cần cải thiện wifi và sóng điện thoại,1
"Dịch vụ xe đưa đón trong resort chờ quá lâu,lễ tân làm thủ tục chưa thực sự thân thiện, wifi chán",1
"Đi quá nhiều không thấy thay đổi, không còn hứng thú.",1
"Địa điểm tốt, cảnh đẹp nhưng thủ tục trả phòng tệ",2
Địa điểm tuyệt vời nhưng chất lượng phục vụ kém,2
Đường đi đến khách sạn rất khó tìm,1
"Địa điểm tốt, cảnh đẹp nhưng Check out tệ",2
Khách sạn có nhiều vấn đề như thế này đấy.,1
"Khách sạn có view đẹp nhưng còn nhiều hạn chế, mong chủ khách sạn đọc được để cải thiện.",1
Khách sạn dễ thương nhưng sàn gỗ kêu quá,2
Khách sạn đẹp dịch vụ tốt nhưng hơi buồn,2
Khách sạn đẹp nhưng phục vụ chưa tốt,2
"Khách sạn đẹp, gần trung tâm nhưng đồ ăn sáng hơi ít",2
Khách sạn tạm ổn nhưng cũ,2
"Khách sạn tương đối,nhưng đồ ăn nhà hàng chưa ngon, nhân viên vui vẻ",2
"không còn ấn tượng như vài lần trước đây , cả gia đình mình từng ở Terracotta này.",1
"Không đa dạng, nếu được đi lại sẽ đi buổi tối.",1
Không đề xuất,1
Không gian đẹp nhưng thái độ nhân viên ở quầy lễ tân hơi tệ,2
Mắc nhưng đáng tiền,4
Mọi thứ đều ổn trừ hồ bơi,2
Mọi thứ đều tuyệt vời ngoại trừ vấn đề cách âm phòng ngủ.,2
Mọi thứ Ok trừ bãi đỗ xe cho khách,2
Một kì nghỉ khá ổn.,4
Một trải nghiệm mới vui vẻ nhưng chưa thật xuất sắc như mình mong đợi.,4
Nên suy nghĩ khi đặt phòng tại đây,1
Phí phụ thu không hề được thông báo trước,1
"Phong cảnh đẹp, yên tĩnh, nhà hàng không ngon lắm, xe điện đợi lâu",2
Phòng chất lượng trung bình,2
Phòng hiện đại nhưng dịch vụ chưa tốt,2
"Phòng sạch, dọn kĩ lưỡng nhưng dịch vụ và ăn uống không đặc sắc",2
"Phòng view ổn, nhiều khách Trung Quốc, hơi ồn ào , bể bơi không đẹp, vị trí tốt, nhân viên lễ tân cũng bình thường, chưa nhiệt tình lắm",2
Quá Tuyệt nhưng không có wifi,2
Resort đẹp nhưng chất lượng chưa xứng 5 sao,4
Resort rất đẹp nhưng không gây được thiện cảm,2
"Tạm được, không ấn tượng gì",2
"Tạm được, tuy nhiên âm nhạc quá lớn tới khuya gây ảnh hưởng nghỉ ngơi.",2
Tất cả đều rất tuyệt nhưng thiếu tiện nghi,2
"thoải mái , nhưng hồ bơi bị nghỉ quá buồn",2
Trải nghiệm khách sạn đẳng cấp nhưng phục vụ chưa tới tầm,2
"View đẹp, sạch sẽ nhưng nhân viên không tốt.",2
Vừa thích vừa chưa ưng,2
Tiện nghi ổn nhưng giá hơi đắt,2
đi nghỉ nhưng không nghỉ được,2
"Buffet trưa, tạm ổn, 6/10. Tráng miệng ngon, món mặn quá ít.",2
Bungalow đẹp nhưng không có sự riêng tư,2
Ăn sáng cùng với gia đình,3
Ăn sáng tầng 19,3
Ăn tại nhà hàng lần đầu,3
Ăn tối cùng gia đình,3
Ăn trưa buffet,3
Ăn trưa cùng đồng nghiệp,3
Ăn trưa cùng gia đình,3
Ăn trưa ngày cuối tuần cùng gia đình,3
ăn trưa tại nhà hàng,3
Ăn trưa với các anh chị em đồng nghiệp,3
Ăn uống cùng công ty,3
Ăn uống khám phá,3
Ăn uống vào ngày bình thường,3
Bạn bè nghỉ dưỡng,3
Bể bơi lúc hoàng hôn,3
bình thường,3
Bình thường,3
Bốn bể là nhà,3
Buffet cuối tuần,3
Buffet hải sản,3
"Buffet hải sản tầng 1, hồ bơi, sảnh",3
Buffet sáng,3
Buffet tối với bạn bè,3
Buffet tối với cả nhà,3
Buffet trưa cùng gia đình,3
Buổi dùng bữa gặp mặt cùng bạn tôi,3
Buổi họp mặt cuối năm thuận lợi,3
Buổi họp mặt gia đình,3
Buổi họp mặt tại buffet hải sản,3
Buổi sinh nhật đáng nhớ,3
Buổi sinh nhật vui vẻ,3
Buổi tiệc rất ấn tượng,5
Buổi tối ấm cúng buffet hải sản,3
Buổi tối buffet ngoài trời,3
Buổi tối cùng bạn bè và gia đình,3
Buổi tối cùng gia đình,3
Buổi tối đáng nhớ tại buffet hải sản,3
Buổi tối đáng tiền,4
buổi tối lãng mạn,4
Buổi tối lãng mạn cùng người yêu,3
Buổi tối với khách sạn,3
Buổi tối vui vẻ cùng con trai,3
Buổi tối vui vẻ cùng gia đình,3
Buổi trưa cùng bạn bè,3
Buổi trưa cùng gia đình,3
Buổi trưa cùng với bạn,3
Buổi trưa vui vẻ bên gia đình tại lavela,3
Buổi trưa vui vẻ tại La Vela,4
Buổi trưa vui vẻ tại nhà hàng mermaid lavela,4
Bữa ăn ấm cúng cùng gia đình tại lavela,4
Bữa ăn ấm cúng vui vẻ cùng gia đình,3
Bữa ăn cuối tuần,3
Bữa ăn gia đình,3
Bữa ăn gia đình tại khách sạn,3
Bữa gặp mặt bạn bè,3
Bữa họp mặt ý nghĩa,3
Bữa sáng cuối tuần,3
Bữa tối buffet,3
Bữa tối cùng gia đình,3
Bữa tối cùng mọi người ở Mermaid,3
Bữa tối cuối năm,3
Bữa tối cuối tuần,3
Bữa tối cuối tuần với gia đình,3
Bữa tối đầu tuần,3
Bữa tối hải sản nhà hàng nàng tiên cá,3
Bữa tối sang trọng phù hợp mời đối tác,3
Bữa tối tại khách sạn 5 sao,3
"Bữa tối thú vị, lãng mạn",3
Bữa tối với chồng yêu,3
Bữa tối với gia đình,3
Bữa tối vui vẻ,3
Bữa trưa cùng gia đình tôi,3
Bữa trưa cùng hội chị em thân ai nấy lo,3
Bữa trưa cuối tuần gặp mặt bạn bè,3
Bữa trưa nhân dịp đặc biệt,3
Bữa trưa tự chọn cùng gia đình tôi,3
Cách âm phòng tạm ổn,3
cảm nghĩ về vinpearl,3
Cảm nhận chuyến đi 3 ngày 2 đêm ở resort Amiana,3
Cảm nhận của chúng tôi về bạn,3
Cảm nhận của khách hàng,3
Cảm nhận đầu năm,3
Cảm nhận đồ ăn,3
Cảm nhận khi nghỉ dưỡng tại Havana,3
Cảm nhận khi ở Vinpearl Nha Trang Bay,3
Cảm nhận sự yên bình,3
Cảm nhận tại nhà hàng La Vela Sài gòn.,3
Cảm nhận về khách sạn,3
Cảm nhận về nhà hàng và spa khu nghỉ dưỡng Vinpearl Hạ Long,3
Cảm xúc của tôi về Amiana!,3
Dịch vụ khách sạn,3
Dùng Cocktail trên tầng thượng,3
Đánh giá chất lượng,3
Đánh giá chất lượng dịch vụ,3
đánh giá chất lượng khách sạn,3
"Đánh giá chất lượng phục vụ, chăm sóc khách hàng",3
Đánh giá chất lượng Vinpearl,3
Đánh giá cho lần trải nghiệm dịch vụ tại khách sạn,3
Đánh giá chung khu nghỉ dưỡng,3
Đánh giá chung về khách sạn,3
Đánh giá dịch vụ,3
Đánh giá dịch vụ khách sạn,3
đánh giá dịch vụ spa,3
Đánh giá đồ ăn tại nhà hàng,3
đánh giá khách sạn havana,3
"đánh giá khách sạn vinpearl hạ long , phòng ốc , dịch vụ chăm sóc khách hàng , phòng gym, bể bơi , pool bar vân vân vân vân",3
Đánh giá kỳ du lịch,3
Đánh giá kỳ nghỉ Vinpearland Nha Trang,3
Đánh giá Mermaid ngày đi ăn cùng đối tác,3
đánh giá một chút về Vinpearl Nha Trang Bay,3
Đánh giá mức độ hài lòng,3
Đánh giá mức độ phục vụ,3
Đánh giá nhân viên,3
Đánh giá phản hồi,3
Đánh giá phòng và dịch vụ tiện ích của khách sạn,3
Đánh giá phục vụ,3
đánh giá sau khi ở,3
Đánh giá sự hài lòng,3
đánh giá thức ăn,3
Đánh giá tiệc Buffet trưa,3
Đánh giá tốt,3
Đánh giá trải nghiệm,3
Đánh giá trải nghiệm của khách sạn,3
Đánh giá trải nghiệm du lịch ở resort,3
"Đánh giá trải nghiệm lặn ngắm san hô, ngắm cá, team building",3
Đánh giá tuyệt vời,5
Đánh giá về bữa ăn,3
Đánh giá về chất lượng dịch vụ,3
Đánh giá về khách sạn Landmark 81,3
Đánh giá về trải nghiệm tại khách sạn,3
Đắt nhưng chất lượng.,4
Đầu tuần có nhiều niềm vui,3
Đầu tuần vui vẻ tại khách sạn,3
Đẹp và yên tĩnh nhưng chất lượng dịch vụ chưa tốt,2
Đi 1 lần cho biết.,3
Đi ăn cùng các bạn già và gia đình,3
Đi ăn cùng con trai,3
Đi ăn cùng gia đình,3
Đi ăn cùng vợ,3
Đi ăn cùng với anh em,3
Đi ăn tối ở La Vela Hotel,3
Đi ăn tối với gia đình,3
Đi ăn với bạn,3
Đi ăn với gia đình,3
Đi cafe cùng người bạn của tui tại khách sạn,3
Đi chơi,3
Đi chơi kết hợp nghỉ dưỡng,3
Đi chơi với bạn bè của tôi,3
Đi công tác,3
Đi du lịch cùng bạn bè.,3
Đi du lịch cùng công ty,3
Đi du lịch ngắm cảnh nghỉ dưỡng,3
Đi du lịch với người yêu,3
Đi dự hội nghị tại Vinpearl,3
Đi họp,3
Đi nghỉ dưỡng,3
Đi nghỉ dưỡng cùng gia đình,3
Đi tham quan,3
Đi thư giãn,3
Đi trải nghiệm,3
Đi uống cà phê ngắm cảnh,3
"Đọc đánh giá ở Agoda, nhưng rất hụt hẫng.",2
Góc đánh giá Vinpearl Hạ Long,3
Hẹn hò cùng bạn bè,3
Hẹn hò dành cho cặp đôi,3
Hẹn hò trưa,3
Hẹn hò với bạn trai của tôi,3
Hồ bơi và trà chiều,3
Hội ngộ nhóm bạn thân,3
Hội tụ bạn bè,3
"Huế bình yên ,thân thiện",3
Khách sạn cho du khách Trung Quốc hay gì á,2
Khách sạn gần gũi với thiên nhiên,3
Kì nghỉ 3 ngày 2 đêm,3
Kì nghỉ tết dương lịch,3
Kỳ nghỉ 3 đêm với gia đình,3
Kỳ nghỉ 4 ngày 3 đêm tại Villa 2 phòng ngủ,3
Kỳ nghỉ 8/3,3
Kỳ nghỉ ấm áp,3
Kỳ nghỉ ấn tượng,3
Kỳ nghỉ cặp đôi,3
Kỳ nghỉ cho con trai tại Vinpearl,3
Kỳ nghỉ của chúng tôi,3
Kỳ nghỉ của gia đình,3
Kỳ nghỉ cùng bạn bè,3
kỳ nghỉ cùng công ty,3
Kỳ nghỉ cùng công ty với nhiều trải nghiệm,3
Kỳ nghỉ cùng gia đình,3
Kỳ nghỉ cùng gia đình lúc mùa xuân,3
Kỳ nghỉ cùng gia đình tại Vinpearl Hạ long,3
Kỳ nghỉ cùng với tình yêu,3
Kỳ nghỉ cuối tuần,3
Kỳ nghỉ dịch thú vị,3
Kỳ nghỉ dưỡng,3
Kỳ nghỉ dưỡng cùng gia đình,3
kỳ nghỉ đáng lý là 7 đêm nhưng rút ngắn 3 đêm,3
Mưa và suối chảy róc rách,3
nghỉ dưỡng,3
nghỉ dưỡng cặp đôi,3
Nghỉ dưỡng cùng bạn bè,3
Nghỉ dưỡng cùng công ty,3
Nghỉ dưỡng cùng gia đình,3
Nghỉ dưỡng cùng gia đình nhỏ,3
Nghỉ dưỡng cùng gia đình và người thân,3
Nghỉ dưỡng cùng gia đình vui vẻ,3
Nghỉ dưỡng cùng người thân,3
Nghỉ dưỡng cuối hè,3
Nghỉ dưỡng cuối tuần,3
Nghỉ dưỡng gia đình,3
Nghỉ dưỡng mùa hè,3
nghỉ dưỡng ở khu resort 5 sao,3
Nghỉ dưỡng ở Vinpearl,3
Nghỉ dưỡng phù hợp,3
Nghỉ dưỡng rất vui ở vinpearl,3
Nghỉ dưỡng tại Vinwonder cùng người thân,3
Nghỉ dưỡng team building,3
nghỉ dưỡng và vui chơi,3
Nghỉ dưỡng vinpearl,3
Nghỉ dưỡng với bạn bè,3
Nghỉ dưỡng với gia đình,3
Nghỉ hè cùng gia đình,3
Nghỉ hè muộn của bọn trẻ con,3
Nghỉ lễ cùng gia đình tại Vinpearl,3
Nghỉ lễ vui vẻ,3
Nghỉ ngắn hạn dịp sinh nhật người thân gia đình,3
nhớ kiểm tra nước bánh khi nhận phòng,3
Phòng tiêu chuẩn 3 sao,3
Tiệc năm mới,3
Tiệc sinh nhật,3
Tiệc sinh nhật cùng bạn bè,3
Trải nghiệm bình thường,3
Trải nghiệm cùng bạn bè,3
Trải nghiệm cùng hội chị em xinh đẹp,3
Trải nghiệm cuối tuần,3
Trải nghiệm dịch vụ,3
Trải nghiệm về kỳ nghỉ dưỡng tại Amiana,3
Trung bình,3
Vệ sinh,3
Vệ sinh resort,3
Tạm ổn,4
Tàm tạm,4
tạm được,4
1 chuyến đi tuyệt vời,5
1 chuyến nghỉ dưỡng xứng đáng,5
1 chuyến trải nghiệm tuyệt vời cùng gia đình tại Vinpearl Nha Trang Bay,5
1 khu resort đẹp và yên tĩnh,5
1 kỳ nghỉ đáng nhớ,5
1 kỳ nghỉ thú vị,5
1 kỳ nghỉ tuyệt vời,5
1 nơi lý tưởng cho chuyến du lịch dành cho 2 người,5
1 nơi tuyệt vời để nghỉ ngơi,5
1 sự trải nghiệm tuyệt vời,5
1 trải nghiệm trên cả tuyệt vời,5
10 điểm,5
10 điểm chất lượng,5
10 điểm cho chất lượng và dịch vụ.,5
10 điểm cho sự hoàn hảo,5
10 điểm không có nhưng,5
10/10 sẽ quay lại,5
2 ngày 1 đêm ổn,5
"2 ngày 1 đêm, chuyến đi một mình, tận hưởng trọn vẹn nhất",5
2 người đi thư giãn,5
2 trong Top khách sạn 3 sao nên ở nhất tại Đà Nẵng - hãy phát huy,5
3 ngày 2 đêm cho chuyến đi Tuần trăng mật tuyệt vời,5
"3 ngày 2 đêm giá hơn 10 triệu cho 2 vợ chồng với 2 em bé,ăn uống,đi chơi mọi dịch vụ miễn phí",5
5 sao,5
5 sao cho dịch vụ tại vinpearl,5
5 sao mà chưa 5 sao,5
5 sao nha,5
"6 đêm ở Terracotta, chỉ địa điểm và đồ ăn là mình thấy hợp lý.",5
6 sao và hơn thế nữa,5
999 like cho Navada,5
Amiana - Một trải nghiệm tuyệt vời,5
"Amiana đáng yêu, thân thiện",5
AMIANA Nơi nghỉ dưỡng tuyệt vời,5
Amiana Resort Nha Trang - một địa điểm rất đáng để quay lại.,5
Amiana resort Nha Trang là một resort đẹp và chất lượng.,5
"Amiana Resort Nha Trang, điểm đến tuyệt vời",5
"Amiana tuyệt vời,gia đình mình sẽ quay lại.",5
Amiana- Điểm 10 cho chất lượng,5
Ăn một bữa tối tuyệt vời tại nhà hàng,5
Ăn sáng ngon,5
"ăn sáng ngon, nhân viên dễ thương, nhiệt tình",5
"Ăn sáng ngon, nhân viên nhiệt tình.",5
"Ăn tại nhà hàng mermaid buổi sáng ngày 16/11, nhân viên rất nhiệt tình vui vẻ, niềm nở, tôi rất vui khi hàng",5
"Ăn trưa tại nhà hàng mermaid khách sạn La vela , phục vụ rất nhiệt tình vui vẻ",5
"Ấm áp, tiện nghi",5
Ấn tượng,5
Ấn tượng khó phai,5
Ấn tượng Mường Thanh,4
Ấn tượng nhân viên,4
Ấn tượng tốt,5
Ấn tượng về không gian khu resort,4
Ấn tượng với mọi thứ trong khách sạn,4
Bãi biển cực đẹp trước khách sạn,4
Bãi biển riêng không đẹp lắm nhưng mọi thứ đều ổn,4
Bãi biển riêng rất đẹp,5
Bãi biển thật đẹp,5
Bãi biển tuyệt đẹp,5
Bạn lễ tân nhiệt tình,5
Bạn sẽ không hối tiếc khi chọn nơi này,5
"bất ngờ ,nhân viên nhiệt tình,thân thiện,thức ăn ngon view đẹp ngắm toàn thành phố",5
Bể bơi nước ấm mùa đông,5
Bể bơi tốt,5
"Biển đẹp, Thức ăn ngon, Thái độ phục vụ tốt.",5
"Biển và hồ bơi rất đẹp, dịch vụ tắm bùn thú vị",5
Biệt thự cổ trên đồi thông lãng mạn,5
Biệt thự dễ thương,5
Biệt thự nhẹ nhàng yên tĩnh đầy hoa,5
Biệt thự sát biển thật đẹp,5
Bình yên,4
Bình yên chim hót,4
Bình yên giữa trung tâm thành phố,5
Bộ phận lễ tân làm thủ tục và hỗ trợ nhanh chóng,5
Bố trí đẹp và phòng tiện nghi,5
Buffet dimsum tuyệt vời cùng gia đình,5
Buffet đa dạng món,5
Buffet đầy ý nghĩa,5
Buffet Hải sản ngon miệng,5
Buffet hải sản và hơn thế nữa,5
Buffet ngon hải sản tươi,5
buffet tối ngon miệng,5
Buffet tối tuyệt vời,5
Bungalow đẹp đã cứu tất cả những nhược điểm,4
Bungalow gia đình tuyệt vời,5
"Bungalow sạch sẽ, rộng, view vườn rất đẹp",5
Buổi ăn tối cuối tuần tuyệt vời ở nhà hàng buffet hải sản,5
Buổi tối thú vị,5
Buổi tối tuyệt vời,5
"Buổi tối tuyệt vời, vui vẻ và chất lượng",5
buổi trưa đáng giá,5
Buổi trưa ngon miệng,5
buổi trưa tuyệt vời,5
bữa ăn ngon,5
Bữa ăn ngon và chất lượng,5
Bữa ăn sinh nhật cùng gia đình,5
Bữa ăn tuyệt vời tại nhà hàng,5
Bữa sáng ngon miệng,5
Bữa sáng trong mơ,5
Bữa sáng tuyệt vời,5
Bữa sáng tuyệt vời tại Sheraton,5
Bữa Sinh Nhật đáng nhớ dành cho Mẹ của tôi,5
Bữa tiệc đáng nhớ tại Nhà hàng Hải sản,5
Bữa tiệc sinh nhật đáng nhớ,5
Bữa tiệc tuyệt vời,5
Bữa tối lãng mạn,5
Bữa tối ngon miệng,5
Bữa tối rất tuyệt vời,5
Bữa trưa quá tuyệt vời,5
Bữa trưa thật tuyệt vời,5
Bữa trưa tuyệt vời cùng gia đình tại La vela,5
Bữa trưa xuất sắc,5
Bữa trưa ý nghĩa cùng bạn tôi,5
Bữa trưa ý nghĩa cùng gia đình,5
Cà phê ngon,5
Cà phê ngon nhất trong thị trấn,5
"Cà phê ngon, khách sạn đẹp",5
"Các bạn nhân viên rất chu đáo, nhiệt tình và vui vẻ",5
Các nhân viên thật tuyệt vời,5
Cách ly rất tốt ở khách sạn này,5
Cafe bên cạnh bể bơi rất tuyệt,5
Cái gì cũng tốt,5
Cái nhìn đầu tiên tuyệt vời,5
cảm giác bất ngờ,5
Cám ơn bạn tuyền và huyền đã hỗ trợ gia đình chúng tôi rất nhiều,4
"Cảm ơn khách sạn, gia đình tôi đã có kỳ nghỉ tuyệt vời ở đây.",5
Cảm ơn nhân viên vinpearl đã cho tôi cảm giác thân quen đến vậy.,5
Cảm ơn rất nhiều,4
Cảm ơn sự nhiệt tình,4
Cảm ơn tất cả mọi người,4
"Cảm ơn vì đã hỗ trợ chúng em chuyến đi này, tuyệt vời lắm ạ",5
Cảm thấy hài lòng,5
Cảm thấy rất hài lòng về món ăn lẫn địa điểm ăn rất đẹp và lịch sự,5
Cảm thấy rất tốt,5
Cảm thấy vui vẻ và thoải mái,5
Cảnh biển đẹp và nhân viên rất thân thiện,5
Cảnh đẹp,5
Cảnh đẹp,5
"Cảnh đẹp lãng mạn, yên bình, tuyệt vời để nghỉ dưỡng và không gian lãng mạn cho những cặp đôi",5
Cảnh đẹp tuyệt vời,5
"Cảnh đẹp, phòng nghỉ tiện nghi",5
"Cảnh quan đẹp, nhân viên tốt và nhiệt tình",5
Cảnh quan khách sạn,5
"Cảnh quan thật đẹp, nhân viên dễ thương và nhiệt tình.",5
"Cảnh quang đẹp, phòng đẹp, nhân viên nhiệt tình, hòa nhã, dễ thương",5
Cảnh tắm bùn rất đẹp,5
"Cảnh thiên nhiên rất đẹp, thoải mái dễ chịu",5
Cảnh thiên nhiên view hồ quá đẹp,5
Cặp đôi độc thân,5
Cầu hôn,3
Chào đón người yêu bay từ Huế vào,3
Chào đón nhiệt tình,4
Chắc chắn là một trong những khách sạn tốt nhất ở Hà Nội,5
Chăm sóc dịch vụ tuyệt vời,5
Chăm sóc hậu mãi tốt,5
Chẳng thể tả nổi quá tuyệt vời,5
Chấp nhận được,5
Chất lượng,5
"Chất lượng , giá phải chăng",5
Chất lượng 10 điểm,5
Chất lượng 5 sao,5
chất lượng 5 sao.,5
chất lượng bình thường,4
chất lượng cao,5
Chất lượng của khách sạn tuyệt vời,4
Chất lượng dịch vụ,5
Chất lượng dịch vụ đẳng cấp 5 sao,5
Chất lượng dịch vụ hoàn hảo,5
Chất lượng dịch vụ quá tuyệt vời,5
Chất lượng dịch vụ rất tốt,5
Chất lượng dịch vụ tạm ổn,5
Chất lượng dịch vụ tốt,5
Chất lượng dịch vụ tuyệt vời,5
Chất lượng dịch vụ và chăm sóc,3
Chất lượng dịch vụ và tiện ích quá thấp so với giá tiền.,2
chất lượng giảm so với các năm trước,2
CHẤT LƯỢNG HOÀN HẢO,5
Chất lượng khá tương xứng với giá tiền,4
Chất lượng nha.,4
Chất lượng nội thất đang xuống cấp,2
"Chất lượng ok, staff ổn, dịch vụ ổn",4
"Chất lượng phục vụ , vệ sinh",3
Chất lượng phục vụ tốt,5
Chất lượng rất tốt.,5
"chất lượng tốt, phục vụ chu đáo, nhiệt tình. dịch vụ tiện nghi, thoải mái.",5
Chất lượng tuyệt vời,5
"Chất lượng tuyệt vời, nhân viên nhiệt tình",5
Chất lượng và dịch vụ tại Vinpearl nha trang bay,3
Chất lượng và giá hợp lý,5
Chất lượng và giá trị,3
Chất lượng và phục vụ,3
Chất lượng xứng đáng 5 sao,5
Check -in thuận tiện,4
Chỉ cần thêm WiFi miễn phí,2
Chỉ có phong cảnh là đẹp,4
Chiếc giường êm ái,4
chiến thần buffet,3
Chiều vui vẻ,4
Chỉn chu hơn trước,4
Chọn nơi đây quả là đúng đắn,5
"chỗ lưu trú ổn, phong cảnh đẹp",5
chỗ lưu trú ưa thích,5
chỗ nghỉ dưỡng quá tuyệt vời cho gia đình”,5
Chỗ nghỉ dưỡng tuyệt vời,5
"Chỗ nghỉ đẹp, phòng gia đình thoải mái",5
"Chỗ nghỉ tốt, đúng chất Đà Lạt mà giá không quá đắt",5
Chỗ nghỉ tuyệt vời dành cho gia đình,5
Chỗ ở quen thuộc khi lên Đà Lạt,5
Chỗ ở sạch sẽ,5
"Chỗ ở tiện lợi sạch sẽ, không gian thoáng mát, trang trí bắt mắt, cổ kính",5
Chỗ ở tốt,5
"Chỗ ở tốt, bình dân",5
Chỗ ở tuyệt vời và xứng đáng với giá tiền,5
Chỗ ở yên tĩnh để nghỉ ngơi,5
Chốn nghỉ ngơi xanh và sạch,5
Chốn thiên đường,5
Chơi hơi vui nha,5
Chuẩn 5 sao,5
Chuẩn 5 sao ở Nơi tuyệt vời để ở,5
"Chuẩn 5 sao, Nơi tuyệt vời để ở",5
Chuẩn không cần chỉnh.,5
Chúng tôi đã có kỳ nghỉ tuyệt vời.,5
Chúng tôi đã trở lại,5
Chúng tôi ở lại đây trong Tuần trăng mật,5
Chúng tôi rất hài lòng,5
Chúng tôi rất hài lòng và vui vẻ khi ở đây!,5
Chúng tôi sẽ quay trở lại,5
Chút bình yên giữa Sài Gòn náo nhiệt,5
Chút tươi mát giữa cái nóng 36 độ,4
Chuyến công tác đáng nhớ,5
Chuyến công tác và nghỉ dưỡng đẳng cấp,5
Chuyến dài nghỉ dưỡng tại Vinpearl Nha Trang Bay,3
Chuyến du lịch của gia đình,3
Chuyến du lịch cùng đồng nghiệp,3
Chuyên du lịch cùng gia đình,3
Chuyến du lịch cuối năm của cả gia đình,3
Chuyến du lịch đáng nhớ,5
"Chuyến du lịch đầy ắp kỷ niệm, hẹn gặp lại nhé",5
Chuyến du lịch đem lại rất nhiều trải nghiệm thú vị và hạnh phúc,5
Chuyến du lịch thú vị,5
Chuyến du lịch thú vị,5
Chuyến du lịch tuyệt vời cùng gia đình,5
"Chuyến Du Lịch Vui Vẻ, Thoải mái",5
Chuyến du xuân tuyệt vời,5
Chuyến Đến Huế kém mong đợi!,2
Chuyến đi 1 mình,3
Chuyến đi chơi tuyệt vời,5
Chuyến đi công tác,3
Chuyến đi công tác hài lòng,5
Chuyến đi cùng bạn bè,3
Chuyến đi cùng gia đình đáng nhớ!,5
Chuyến đi đáng tiền,5
Chuyến đi đầu năm mới,3
Chuyến đi đầy thú vị.,4
Chuyến đi đầy ý nghĩa,5
Chuyến đi gia đình,3
Chuyến đi giải toả căng thẳng sau bao ngày làm việc mệt mỏi,3
Chuyến đi hoàn hảo,5
Chuyến đi hoàn hảo và tuyệt với với sự phục vụ chuyên nghiệp của Vinpearl Resort & Spa Nha Trang Bay,5
chuyến đi hơn cả tuyệt vời,5
Chuyến đi khá thú vị,5
Chuyến đi mùa covid,3
Chuyến đi này rất là thú vị và vui vẻ .,5
Chuyến đi ngắn ngày tại Huế.,3
Chuyến đi nghỉ của gia đình,3
Chuyến đi nghỉ dưỡng,3
Chuyến đi nghỉ dưỡng an toàn mùa covid,4
Chuyến đi nghỉ dưỡng cùng đoàn rất tuyệt vời,5
Chuyến đi nghỉ dưỡng như mơ,5
Chuyến đi nghỉ dưỡng rất hài lòng,5
Chuyến đi nghỉ dưỡng tuyệt vời,5
Chuyến đi nghỉ rất thú vị,5
Chuyến đi quay lại đáng nhớ,5
Chuyến đi rất thú vị,5
Chuyến đi rất tuyệt,5
Chuyến đi thành công,5
Chuyến đi thú vị từ nghệ an đến huế,5
Chuyến đi tốt đẹp,5
Chuyến đi tốt đẹp và Rất ngọt ngào,5
Chuyến đi trải nghiệm nghỉ thư giãn quá tuyệt vời,5
Chuyến đi trên cả tuyệt vời,5
Chuyến đi tuần trăng mật,3
Chuyến đi tuyệt vời của tôi,5
Chuyến đi tuyệt vời cùng những người bạn,5
Chuyến đi tuyệt vời luôn á,5
Chuyến đi tuyệt vời nhất trong năm,5
Chuyến đi vào những ngày mưa gió,3
chuyến đi với gia đình,3
Chuyến đi với người dân địa phương,3
"Chuyến đi vui vẻ, gần gũi, nhiều cảnh đẹp, rất phù hợp cho nghỉ dưỡng.",5
Chuyến đi ý nghĩa,5
Chuyến nghỉ dưỡng,3
chuyến nghỉ dưỡng cùng gia đình,3
Chuyến nghỉ dưỡng đáng nhớ,5
chuyến nghỉ dưỡng đáng nhớ cùng gia đình ở khách sạn chuẩn 5 sao,5
Chuyến nghỉ dưỡng mùa hè cùng với gia đình,3
Chuyến nghỉ dưỡng tại Vinpearl,3
Chuyến nghỉ dưỡng thú vị,5
Chuyến nghỉ dưỡng vui vẻ,5
Chuyến nghỉ hè thú vị,5
Chuyến nghỉ tuyệt vời,5
Chuyến tham quan đáng nhớ,5
Chuyến tham quan tốt đẹp,5
Chuyến thăm quan nghỉ dưỡng cùng bạn bè tại Vinpearl hạ long,3
Chuyến thăm quan Vinpearl hạ long,3
Chuyến trải nghiệm tuyệt vời.,5
Chuyến trở lại lần 2 tại Sheraton Nha Trang,4
Chưa đáng giá tiền,2
Chưa hài lòng về chất lượng phòng,2
Chương trình tour thành công nhờ một vài cá nhân của vin đã nhiệt tình phục vụ,5
Có một chuyến du lịch tuyệt vời,5
Con người 5 sao - Dịch vụ 5 sao,5
Công tác đáng nhớ,5
Công tác vui vẻ ở nhà hàng Buffet hải sản,5
"Cơ sở vật chất đầy đủ, vẫn là kiểu Vinpearl",4
"cơ sở vật chất tốt, nhân viên bình thường",4
Cung cấp thông tin về trải nghiệm của cá nhân,3
"cũng được, không bằng những lần trước",4
Cùng gia đình nghỉ dưỡng tuyệt vời tại nơi này,5
Cuối tuần cùng cô bạn thân,3
Cuối tuần cùng gia đình tại Sheraton,3
Cuối tuần đáng nhớ,3
Cuối tuần đáng nhớ tại Vinpearl Luxury Landmark 81,4
Cuối tuần tại Sheraton Nha Trang cùng những cô bạn thân,3
Cuối tuần thư giãn tại Sheraton Nha Trang,3
Cuối tuần tuyệt vời,5
"Cực hài lòng,",5
Cực kì hài lòng,5
"Cực xịn sò, rẻ",5
Cứng nhắc trong việc tính thêm giờ phát sinh,2
Dễ chịu,4
"Dễ chịu, đáng giá tiền",4
Dễ thương,4
"Dịch vụ 5 sao, chi phí không cao",5
Dịch vụ chất lượng tốt,5
Dịch vụ chu đáo tận tâm với khách hàng,5
Dịch vụ chuẩn 5 sao,5
Dịch vụ chuyên nghiệp và tận tình,5
Dịch vụ chuyên nghiệp.,5
Dịch vụ đáng tiền,5
Dịch vụ đẳng cấp,5
Dịch vụ đẳng cấp 5 sao,5
Dịch vụ hoàn hảo,5
Dịch vụ hội nghị tốt,5
Dịch vụ khách hàng ra tuyệt vời.,5
Dịch vụ khách hàng rất tốt,5
Dịch vụ khách sạn,4
"Dịch vụ khách sạn rất tốt, nhân viên phòng kinh doanh rất chuyên nghiệp và nhiệt tình .",5
"Dịch vụ khách sạn, nhà hàng rất tuyệt",5
Dịch vụ không tốt,2
Dịch vụ nhà hàng,3
Dịch vụ phòng chưa tốt,2
Dịch vụ phòng họp tuyệt vời.,5
Dịch vụ quá tốt,5
Dịch vụ rất đáng để trải nghiệm,5
Dịch vụ rất đáng tiền,5
Dịch vụ rất tốt,5
Dịch vụ rất tốt - có xe đưa đón tận phòng,5
"Dịch vụ rất tốt, khuyến khích đến đây",5
Dịch vụ rất tuyệt,5
Dịch vụ rất tuyệt vời,5
Dịch vụ resort rất tốt,5
Dịch vụ siêu tốt,5
Dịch vụ spa rất tốt,5
Dịch vụ tại Vinpearl rất tuyệt vời,5
Dịch vụ tạm ổn với giá phòng,4
Dịch vụ tắm bùn thú vị,5
Dịch vụ tận tâm,5
Dịch vụ tận tình,5
"Dịch vụ thân thiện, tuyệt vời",5
Dịch vụ tốt,5
Dịch vụ tốt nhất,5
Dịch vụ tốt và đồ ăn ngon,5
Dịch vụ tốt và nhân viên tuyệt vời,5
"Dịch vụ tốt, chu đáo",5
"Dịch vụ tốt, giá cả hợp lý",5
"Dịch vụ tốt, nhân viên cực kì thân thiện, phòng thoáng cực
 sạch sẽ",5
"Dịch vụ tốt, nhân viên nhân thiện.",5
"Dịch vụ tốt, view biển xuất sắc, nhiều điểm đẹp để chụp ảnh trong resort",5
Dịch vụ tốt; phòng đẹp,5
Dịch vụ trên cả tuyệt vời,5
Dịch vụ trên mong đợi,5
Dịch vụ tuyệt vời,5
Dịch vụ tuyệt vời đẳng cấp 5 Sao.,5
"Dịch vụ tuyệt vời, chuẩn 5 sao",5
"Dịch vụ tuyệt vời, không gian đẹp",5
"Dịch vụ tuyệt vời,, sẽ quay lại lần nữa",5
Dịch vụ và món ăn rất ngon,5
Dịch vụ và phòng rất sạch sẽ,5
Dịch vụ xuất sắc,5
Du lịch nghỉ dưỡng tuyệt vời,5
Du lịch nha trang cùng đồng đội,5
Du lịch nơi đã từng làm việc và đã từng là ngôi nhà thứ 2,5
Du Lịch Thế Giới đánh giá 5 sao cho khách sạn Havana,5
"Duy nhất, khác biệt và đầy thú vị",5
Dừng chân tại Vinpearl Hạ Long thật là 1 lựa chọn đúng đắn,5
Đã đến Vinpearl rất nhiều lần,5
Đã đến Vinpearl rất nhiều lần và luôn hài lòng,5
Đã đi với gia đình,5
Đã lưu trú nhiều lần,5
Đám cưới đáng nhớ,5
đáng để đặt lần tới,5
Đáng Để Đến Một Lần,5
Đáng để ghé lại nhưng sẽ trải nghiệm ở phòng có view ban công,5
Đáng để lưu lại Nha Trang,5
Đáng để thưởng thức,5
Đáng để trải nghiệm,5
Đáng đi,5
Đáng đi tại Đà Lạt,5
Đáng đồng tiền,5
đáng giá điểm khá cho khách sạn,5
Đáng giá là Resort tốt nhất Đà Lạt,5
Đáng giá tiền,5
Đang lên kế hoạch quay lại,5
Đáng nhớ,5
Đáng ở trong tầm giá,5
Đáng quay trở lại,5
"Đáng tiền , phòng ở tiện nghi, nhân viên lịch sự, view đẹp, phòng luôn có mùi tinh dầu sả thơm .",5
"Đáng tiền, gần bãi biển",5
Đáng trải nghiệm nhé,5
đánh giá 1 ngày nghỉ dưỡng tại Vinpearl,5
Đánh giá 5 sao,5
đánh giá ăn buffet tối,3
Đánh giá bể bơi vô cực Sheraton Nha Trang,3
Đánh giá cá nhân,3
Đánh giá cao cách phục vụ của nhà hàng,5
Đánh giá cao chất lượng,5
Đánh giá cao về chất lượng,5
Đánh giá khách sạn 5 sao,5
Đặc biệt,5
Đặc biệt vị trí nằm trong khu Hồ Tuyền Lâm cực kỳ đẹp và lạ,5
Đẳng cấp,5
"Đẳng cấp của một thương hiệu khách sạn 5 sao hàng đầu việt nam , tôi rất thích nơi này mong sớm có ngày trở lại",5
Đẳng cấp là đây,5
"Đăng lại, đẹp, lãng mạn, sang trọng kiểu Pháp",5
Đậm chất nghỉ dưỡng,5
Đầy đủ các tiện ích,5
Đây là 1 nơi nghỉ dưỡng tuyệt vời,5
Đẹp,5
"đẹp , tuyệt vời",5
Đẹp ngoài mong đợi,5
đẹp nhất thành phố,5
Đẹp rụng người,5
Đẹp tuyệt,5
Đẹp và đáng tiền,5
Đẹp và mát mẻ,5
Đẹp và sang trọng,5
Đẹp và thoải mái,5
Đẹp và thơ mộng,5
Đẹp và tiện nghi,5
Đẹp và yên tĩnh,5
Đẹp và yên tĩnh nhưng chất lượng dịch vụ chưa hài lòng.,5
"Đẹp và yên tĩnh, nhất định sẽ quay lại",5
"Đẹp, dịch vụ tốt",5
"Đẹp, nhiều cây xanh, yên tĩnh",5
"Đẹp, rẻ, nhiều tiện ích",5
"Đẹp, sạch sẽ",5
"Đẹp, tiện nghi, sạch sẽ, nhưng hơi xa chợ",5
"Đẹp, xa trung tâm",5
"Đẹp, Xinh",5
"Đẹp, xưa",5
"Đẹp, yên tĩnh, hồ bơi khá nhỏ",4
"Đẹp, yên tĩnh, nhiều hoa",5
"Đẹp, yên tĩnh, tôn trọng trải nghiệm khách hàng, nhân viên tận tình.",5
Đề xuất cao,5
Đêm cùng người yêu,3
Đêm đáng nhớ!,5
Đêm nay rất tuyệt,5
Đêm tuyệt vời,5
Địa chỉ lý tưởng cho nghỉ dưỡng,5
Địa điểm ăn tối ngắm thành phố về đêm,3
Địa điểm cầu hôn,3
Địa điểm đáng để nghỉ ngơi,5
Địa điểm đáng để ở,5
Địa điểm đẹp,5
Địa điểm đẹp nhưng phòng nhỏ,4
Địa điểm gần,4
Địa điểm lý tưởng để ngắm thành phố,5
Địa điểm lý tưởng để nghỉ dưỡng,5
Địa điểm nghỉ dưỡng hợp lý,5
Địa điểm nghỉ dưỡng lý tưởng,5
Địa điểm nghỉ dưỡng tuyệt vời,5
"Địa điểm rất tốt, kiến trúc đẹp",5
Địa điểm tốt,5
Địa điểm tốt để lưu lại khi đến Đà Lạt,5
Địa điểm tốt để nghỉ dưỡng,5
địa điểm tốt để nghỉ dưỡng cuối tuần,5
"Địa điểm tuyệt đẹp, bữa sáng có thể tốt hơn.",4
địa điểm tuyệt vời,5
Địa điểm tuyệt vời cho kỳ nghỉ cùng gia đình,5
Địa điểm tuyệt vời cho tuần trăng mật,5
Địa điểm tuyệt vời đáng giá tiền,5
Địa điểm tuyệt vời để nghỉ dưỡng,5
"Địa điểm tuyệt vời, nhân viên thân thiện và đồ ăn rất ngon.",5
"Địa điểm tuyệt vời, phục vụ chu đáo",5
Điểm 10 cho nghỉ dưỡng,5
Điểm 10 tặng các bạn nhân viên,5
Điểm 9,5
Điểm dừng chân nghỉ ngơi lý tưởng,5
Điểm đến hấp dẫn,5
Điểm đến lý tưởng,5
Điểm đến lý tưởng cho kỳ nghỉ,5
Điểm đến lý tưởng ở Huế,5
"Điểm đến lý tưởng, tuyệt vời",5
Điểm đến rất hài lòng,5
Điểm đến thú vị,5
Điểm đến tuyệt vời,5
Điểm đến tuyệt vời khi ghé thăm Huế,5
Điểm nghỉ dưỡng lý tưởng,5
Điểm nhấn,5
Đỉnh cao của sự phục vụ,5
Đỉnh cao mới của đẳng cấp Việt Nam,5
Đỉnh của chóp,5
"Đón tiếp phục vụ rất tốt, cảm ơn 2 bạn",5
đồ ăn ngon,5
Đồ ăn ngon và dịch vụ chu đáo,5
Đồ ăn ngon và lạ miệng,5
"Đồ ăn ngon, cảnh đẹp",5
"Đồ ăn ngon, dịch vụ tốt",5
"Đồ ăn ngon, không gian đẹp, xem siêu chill.",5
"Đồ ăn ngon, phòng ở sạch sẽ, không gian đẹp",5
"Đồ ăn sáng dở nhưng 1 số món riêng lẻ trong menu lại rất ngon",5
Đồ ăn sáng thứ 2 nghèo nàn.,5
"Đồ đồ ăn ở đây siêu ngon ăn thoải mái vô tư luôn, mê",5
Đồ uống ngon,5
Đội lễ tân rất niềm nở với khách hàng,5
Đội ngũ nhân viên rất nhiệt tình và thân thiện.,5
Đội ngũ nhân viên vô cùng thân thiện và nhiệt tình,5
Đông vui sang trọng,5
Đơn giản và sang trọng,5
Đủ chuẩn 4 sao,5
Đúng chất Đà Lạt,5
Đúng để nghỉ ngơi,5
Được,5
Được đề xuất cao,5
Đường lát đá nên hơi xóc,2
Em không muốn về.,4
Em lễ tân lễ phép và nhiệt tình,5
Gần bến xe,4
"Gần Khu Hòa Bình, phòng mới và sạch sẽ",5
"gần trung tâm , sạch sẽ",5
Ghế bãi biển 8 giờ sáng mới cho ngồi,2
"Giá cả hợp lý, dịch vụ tuyệt vời, chăm sóc khách hàng, thân thiện, thoải mái",5
"Giá cả hợp lý, nhân viên thân thiện và nhiệt tình",5
Giá cả phải chăng,5
giá cả và dịch vụ tốt,5
gia đình chúng tôi khá hài lòng dịch vụ hoàn hảo,5
gia đình có một chuyến đi chơi rất tuyệt vời,5
Gia đình đi du lịch,3
Gia đình đi nghỉ dưỡng,3
Gia đình nghỉ dưỡng phù hợp,3
Gia đình sum họp,5
Gia đình tôi cảm thấy ấn tượng khi được trải nghiệm,5
gia đình tôi có 1 kỳ nghỉ dưỡng vui và thú vị,5
Gia đình tôi đã có 1 kỳ nghỉ tuyệt vời,5
"Gia đình tôi đã có một kỳ nghỉ tuyệt vời, sẽ quay lại đây.",5
Giá mắc so với dịch vụ,2
Giá phù hợp so với các resort khác tại Nha Trang,5
Giá tốt và gần nhất trong các resort ở khu Tuyền Lâm”,5
Giá trị tốt nhất so với số tiền bỏ ra,5
"Giành cho gia đình thích yên tĩnh, nghỉ ngơi",5
giấc ngủ ngon tại wink,5
GIẤC NGỦ TRÊN MÂY,5
Hài lòng,5
Hài lòng dịch vụ khách sạn,5
Hài lòng khi ở đây,5
Hài lòng trên mong đợi,5
Hài lòng tuyệt đối,5
Hài lòng và sẽ quay lại lần sau.,5
Hài lòng về chuyến đi,5
Hài lòng về chuyến đi này,5
Hài lòng về dịch vụ,5
"hài lòng về dịch vụ, tuy nhiên thiếu giới thiệu thông tin, bản đồ của đảo kèm hình ảnh.",4
Hài lòng về tất cả từ dịch vụ đến con người nơi đây,5
Hài lòng vô cùng,5
Hài lòng với chất lượng dịch vụ,5
Hài lòng với chuyến đi vui cùng gia đình,5
Hài lòng với dịch vụ,5
Hài lòng với dịch vụ ở đây.,5
Hài lòng với mọi thứ,5
Hài lòng với số tiền chi trả,5
Hài lòng với trải nghiệm lần này,5
"Hài lòng, rất đáng tiền bỏ ra",5
Hải sản buffet tươi,5
Hạnh phúc khi được ở đây,5
Hạnh phúc nhân đôi,5
HAVANA rất ok,5
HAVANA số 1 Nha Trang,5
Havana số một,5
Havana thật là tuyệt,5
Havana trong lòng tôi,5
Havana tuyệt vời,5
"Havana, tôi thực sự được thư giãn",5
Hãy chọn Amiana cho kỳ nghỉ tuyệt vời của bạn,5
Hãy nghỉ tại khách sạn này,5
Hãy ở theo cách của bạn,3
Hãy tận hưởng những khoảnh khắc này,3
Hấp dẫn cho khách du lịch,5
"Hấp dẫn, năng động",5
Hè thật tuyệt cho gia đình,5
Hẹn lần sau lại đến,5
Hệ thống thiết bị hiện đại,5
Hi vọng được gặp lại nhiều nhiều,5
Hoàn hảo,5
Hoàn hảo Bữa tối,5
"Hoàn hảo cho dịch vụ, và vị trí quá tuyệt vời!",5
Hoàn hảo đúng mức mong đợi,5
Hoàn hảo về mọi mặt,5
Hoàn toàn hài lòng,5
hoàn toàn xứng đáng,5
Hòn đảo tuyệt vời,5
Hòn đảo xanh tươi,3
"Hòn Tằm, một điểm đến không thể bỏ qua",5
Họp mặt cuối năm,3
Họp mặt gia đình cuối năm,3
Hotel đẹp,5
Hotel khá tốt,5
hotel nên ở tại Huế,5
Hotel vô cùng tuyệt vời,5
Hotel với cảnh thiên nhiên tuyệt đẹp và con người thân thiện,5
hồ bơi,3
Hồ bơi đẹp,5
Hồ bơi đẹp tuyệt,5
"Hồ bơi đẹp, Khách sạn sang trọng đúng chuẩn 5 sao",5
Hồ bơi tuyệt vời,5
Hồ bơi và phòng tập thể hình đóng cửa,5
Hồ bơi vô cực và những điều thú vị,5
Hội nghị chuyên nghiệp,5
Hơn cả 5 sao,5
Hơn cả mong đợi,5
Hơn cả sự mong đợi,5
Hơn cả tưởng tượng,5
Hợp cho khách nghỉ dưỡng,5
Hợp lý,5
Hợp với giá tiền,5
Huế đẹp mộng mơ mà con người cũng thân thiện,4
Huế tuyệt vời,4
Hưởng tuần trăng mật,3
"Khá đẹp, tốt có vài điểm cần cải thiện sẽ tốt hơn.",4
Khá hài lòng,4
Khá hài lòng ngoại trừ khu vực tắm trong phòng và thái độ của nhân viên lái xe điện,2
Khá hài lòng trong kỳ nghỉ ở Vinpearl Hạ Long,4
Khá hài lòng tuy nhiên vài điểm cần cải thiện,4
Khá ok,4
Khá ổn,4
Khá ổn cho một chỗ nghỉ ngơi bên gia đình,4
Khá thất vọng,2
Khá thuận tiện cho việc đi lại,4
Khá tốt,4
Khá tuyệt,4
Khá tuyệt vời,4
Khá xa trung tâm,2
Khách du lịch gia đình,3
Khá đẳng cấp,4
Khách hàng sử dụng dịch vụ,3
Khách rất tốt,5
"khách sạn , đồ ăn, nhân viên, cảnh quan đều tuyệt vời",5
Khách sạn 100 điểm,5
Khách sạn 24 giờ,3
khách sạn 3 sao,3
Khách sạn 4 sao,3
Khách sạn 5 sao,5
Khách sạn 5 sao cao cấp,5
Khách sạn 5 sao đẳng cấp ở huế,5
Khách sạn 5 sao HAVANA - một lựa chọn đúng đắn,5
Khách sạn 5 sao Quốc Tế tuyệt vời,5
Khách sạn 5 sao tại Nha Trang,5
Khách sạn 5 sao tuyệt vời,5
"Khách sạn 5 sao với dịch vụ tốt, đồ uống ngon",5
khách sạn trang trí xinh,5
"Khách sạn ấm cúng, cảm giác như ở nhà",5
Khách sạn bên đảo hòn tre,3
Khách sạn cần cải thiện cơ sở vật chất,2
Khách sạn cần hoàn thiện các hạng mục,2
Khách sạn chăm sóc khách hàng lớn tuổi tốt,5
Khách sạn chất lượng,5
Khách sạn chất lượng rất tốt,5
Khách sạn chất lượng tuyệt vời,5
"Khách sạn chất lượng, nhân viên nhiệt tình vui vẻ",5
Khách sạn chuẩn 5 sao cùng gia đình,5
khách sạn chuẩn hiện đại,5
Khách sạn chuyên nghiệp,5
Khách sạn có bãi đậu xe siêu thuận tiện,5
Khách sạn có cảnh quang gần như đẹp nhất đà lạt!,5
Khách sạn có chất lượng vừa đủ,5
Khách sạn có hai cơ sở thật thuận tiện.,5
Khách Sạn có hệ thống An Ninh Tốt,5
Khách sạn có hệ thống check-in tự động,5
Khách sạn có hồ bơi,5
khách sạn có hồ bơi đẹp,5
Khách sạn có hồ bơi tuyệt vời,5
"Khách sạn có không gian dễ chịu,tiện nghi,đẳng cấp, phòng nghỉ tuyệt vời.",5
"Khách sạn có phong cách cổ điển, yên tĩnh, bình yên",5
Khách sạn có thiết kế độc đáo và chất lượng dịch vụ tốt,5
Khách sạn có vị trí đẹp,5
Khách sạn có vị trí thuận tiện,5
Khách sạn có view đẹp,5
Khách sạn Có view đẹp đáng để trải nghiệm tại Sài Gòn,5
Khách sạn có view đẹp nhất Thành phố Hồ chí Minh,5
Khách sạn có View rất đẹp,5
Khách sạn có view siêu đẹp,5
Khách sạn có view tuyệt đẹp,5
Khách sạn cổ kính,5
khách sạn cổ kính và lãng mạn,5
Khách sạn của sự hài lòng,5
Khách sạn dễ thương,5
Khách sạn dễ thương nhất quả đất,5
Khách sạn dịch vụ tốt,5
Khách sạn đã hoàn tiền,3
Khách sạn đáng để đi ở Huế,5
Khách sạn đáng để ở,5
Khách sạn đáng để trải nghiệm,5
Khách sạn đáng đến nhận phòng,5
khách sạn đáng giá,5
Khách sạn đáng ở khi tới thành phố biển Nha Trang,5
"Khách sạn đáng tiền,bãi biển yên tĩnh",5
"Khách sạn đáng yêu , phục vụ rất tốt",5
Khách sạn đáng yêu và thân thiện,5
Khách sạn đáng yêu với thái độ phục vụ niềm nở,5
Khách sạn đạt chuẩn 5 sao,5
"Khách sạn đạt tiêu chuẩn 5 sao ,phục vụ rất tốt như phòng ,ẩm thực ,các dịch vụ rất tốt đạt tiêu chuẩn ,nhân viên nhiệt",5
Khách sạn đẳng cấp,5
Khách sạn đẳng cấp 5 sao,5
"Khách sạn đầy đủ tiện nghi, dịch vụ phong phú",5
Khach san đẹp,5
Khách sạn đẹp,5
"Khách sạn đẹp , dịch vụ tốt, nhân viên ân cần",5
"Khách sạn đẹp , nhân viên phục vụ tốt, lễ tân tạm ổn",5
Khách sạn đẹp an toàn,5
"Khách sạn đẹp chuẩn, dịch vụ rất hài lòng",5
khách sạn đẹp dịch vụ tốt,5
Khách sạn đẹp nhân viên dễ thương.,5
Khách sạn đẹp nhân viên thân thiện,5
Khách sạn đẹp nhất Đà Lạt,5
Khách sạn đẹp nhất ở Tuần Châu,5
Khách sạn đẹp thoáng mát,5
khách sạn đẹp và chất lượng,5
Khách sạn đẹp và chuyên nghiệp,5
Khách sạn đẹp và phục vụ rất thân thiện,5
Khách sạn đẹp và sạch sẽ,5
khách sạn đẹp và sang trọng,5
Khách sạn đẹp và thân thiện,5
Khách sạn đẹp và thoáng mát,5
Khách sạn đẹp và yên tĩnh,5
Khách sạn đẹp với các villa cổ,5
"Khách sạn đẹp, chất lượng tốt, nhân viên nhiệt tình",5
"Khách sạn đẹp, dịch vụ tốt",5
"Khách sạn đẹp, dịch vụ tốt",5
"Khách sạn đẹp, dịch vụ tuyệt vời",5
"Khách sạn đẹp, đáng trải nghiệm",5
"Khách sạn đẹp, lãng mạn",5
"Khách sạn đẹp, ngay trung tâm thành phố, thức ăn ngon, nhân viên nhiệt tình, thân thiện",5
"Khách sạn đẹp, nhân viên nhiệt tình.",5
"Khách sạn đẹp, nhân viên thân thiện",5
"Khách sạn đẹp, phục vụ rất tốt.",5
"Khách sạn đẹp, rẻ, chill",5
"Khách sạn đẹp, sạch sẽ",5
"Khách sạn đẹp, sạch sẽ và yên tĩnh",5
"Khách sạn đẹp, thuận tiện đi lại, thích hợp nghỉ dưỡng",5
"Khách sạn đẹp, tiện nghi",5
"khách sạn đẹp, tiện nghi, khá khiêm tốn",5
"Khách sạn đẹp, tôi rất hài lòng.",5
"Khách sạn đẹp, tốt, nhân viên nhiệt tình",5
"Khách sạn đẹp, tuyệt vời",5
"Khách sạn đẹp, vị trí tốt",5
"Khách sạn đẹp, yên tĩnh",5
"Khách sạn đúng tiêu chuẩn, nhân viên nhiệt tình dễ mến.",5
Khách sạn gần bến tàu tiện lợi,5
Khách sạn gần trung tâm,5
"Khách sạn gói gọn trong rừng thông ở hồ tuyền lâm với đầy đủ các dịch vụ tiện ích",5
Khách sạn hạng sang kiểu cổ điển,5
Khách sạn Havana- Dịch vụ tốt nhất từ ​​trước đến nay,5
Khách sạn hiện đại,5
Khách sạn Hiện đại - Tiện nghi,5
Khách sạn hiện đại mới sạch sẽ view đẹp,5
"Khách sạn hiện đại, kỳ nghỉ tuyệt vời",5
"Khách sạn hiện đại, mới lạ",5
"Khách sạn hiện đại, sạch sẽ",5
"Khách sạn hiện đại, view siêu đỉnh, nhân viên nhiệt tình, chắc chắn sẽ giới thiệu cho bạn bè khi tới Đà Nẵng",5
Khách sạn hoàn hảo,5
Khách sạn hoành tráng,5
Khách sạn khá ok,5
Khách sạn khá ổn,4
"Khách sạn khá tiện nghi, bài trí hiện đại",5
Khách sạn khá xa trung tâm,5
Khách sạn kiểu mới,5
"Khách sạn La Vela rất đáng để ở, nên đến trải nghiệm",5
"Khách sạn La Vela, điểm đến lý tưởng",5
"Khách sạn lãng mạn, yên tĩnh, chất lượng tốt",5
"Khách sạn luôn sẵn sàng cho mọi thứ thật chu đáo, nhiệt tình.",5
Khách sạn lý tưởng,5
Khách sạn lý tưởng cho kỳ nghỉ trăng mật.,5
"Khách sạn mặt biển, nhân viên thân thiện hỗ trợ tốt",5
Khách sạn mới,5
Khách sạn mới,5
"Khách sạn mới đẹp, sạch sẽ, sẽ quay lại lần sau",5
"Khách sạn mới đẹp, vị trí đẹp, tốt",5
Khách sạn mới hiện thân thiện gần gũi môi trường,5
Khách sạn mới ở Đà Nẵng,5
Khách sạn mới sạch sẽ,5
"Khách sạn mới sạch sẽ, nhân viên siêu dễ thương và nhiệt tình",5
"Khách sạn mới sạch sẽ, view đẹp và đáng giá tiền",5
"khách sạn mới, dễ thương",5
"Khách sạn mới, hiện đại nhưng cách âm kém và xa trung tâm",2
"Khách sạn mới, sạch sẽ",5
"Khách sạn mới, sạch sẽ và hiện đại",5
"Khách sạn mới, tuyệt vời",5
Khách sạn này là một nơi tốt.,5
Khách sạn nằm ngay trung tâm,5
Khách sạn nên cải thiện một số lưu ý sau,2
Khách sạn nên ở tại Hà Nội trong tôi.,5
Khách sạn ngàn sao,5
Khách sạn ngay Trung tâm thành phố,5
"Khách sạn ngay trung tâm, dịch vụ tuyệt vời",5
Khách sạn nghỉ dưỡng,5
Khách sạn nghỉ dưỡng tuyệt vời,5
Khách sạn nhà người ta không làm bạn thất vọng,5
Khách sạn nhân viên thân thiện,5
Khách sạn ổn,5
"Khách sạn ổn , phòng giống hình , rất sạch sẽ , giường rộng , view đẹp , bữa sáng ngon . đa dạng .",5
"Khách sạn ổn, đáng giá tiền",5
Khách sạn ở vị trí đẹp,5
"Khách sạn phong cách năng động, trẻ trung, độc lạ, phong cách Nhật",5
"Khách sạn phong cảnh đẹp, lãng mạn.",5
Khách sạn phù hợp cho các cặp đôi,5
Khách sạn phù hợp với các gia đình,5
khách sạn phục vụ rất tốt,5
Khách sạn quá đẹp,5
Khách sạn quá tuyệt vời,5
Khách sạn quá tuyệt vời trong tầm giá,5
"Khách sạn rất chu đáo, nhiệt tình",5
Khách sạn rất đáng giá tiền,5
"Khách sạn rất đẹp, sạch sẽ",5
Khách sạn rất ổn áp,4
Khách sạn rất thoải mái.,5
"Khách sạn rất tốt , nhân viên lễ tân khách sạn nhiệt tình mến khách",5
Khách sạn rất tốt nhưng không phải trải nghiệm 5 sao,4
Khách sạn rất tốt tại Thành phố Nha Trang,5
Khách sạn rất tốt và tiện nghi,5
"khách sạn rất tốt, nhiệt tình tiện nghi",5
"Khách sạn rất tốt, sẽ quay lại",5
Khách sạn rất tuyệt,5
Khách sạn rất tuyệt vời,5
Khách sạn rất ưng ý,5
"Khách sạn rộng rãi, phòng sạch sẽ, nhân viên rất nhiệt tình",5
Khách sạn sạch đẹp,5
Khách sạn sạch sẽ,5
Khách sạn sạch sẽ,5
"Khách sạn sạch sẽ , thân thiện",5
"Khách sạn sạch sẽ tiện ích, view đẹp, sẽ quay lại khi đến Đà Lạt",5
Khách sạn sạch sẽ yên tĩnh,5
"Khách sạn sạch sẽ, đồ dùng cũ",4
"Khách sạn sạch sẽ, gần chợ",5
"khách sạn sạch sẽ, gần chợ tiện lợi dạo phố",5
"Khách sạn sạch sẽ, nhân viên dễ thương, phong cảnh tuyệt đẹp",5
"Khách sạn sạch sẽ, nhân viên thân thiện",5
"khách sạn sạch sẽ, thoáng",5
"khách sạn sạch sẽ, tiện nghi",5
"khach san sạch sẽ, tiện nghi, giá cả phù hợp",5
"Khách sạn sạch sẽ, trang thiết bị tốt",5
"Khách sạn sạch sẽ, view đẹp chuẩn",5
Khách sạn sạch thoáng và thoải mái.,5
Khách sạn sang chảnh bậc nhất ở thành phố Huế,5
Khach san sang trong,5
Khách sạn sang trọng và sạch sẽ,5
"Khách sạn sang trọng, giá cả hợp lý",5
"Khách sạn sang trọng, tiện nghi và đồ ăn ngon",5
Khách sạn Sheraton là sự chọn tuyệt vời,5
Khách sạn siêu xinh và dịch vụ tốt,5
"khách sạn sử dụng phong cách cổ kính, không gian đẹp",5
Khách sạn tạo nên điều kỳ diệu,5
Khách sạn thanh lịch 2 phục tốt và thuận tiện,5
Khách sạn thân thiện,5
Khách sạn thân thiện và đẹp,5
"Khách sạn thân thiện, dịch vụ nhanh chóng",5
"Khách sạn thân thiện, sạch đẹp",5
Khách sạn thật tuyệt,5
khách sạn thích hợp cho doanh nhân,3
Khách sạn thích hợp cho nghỉ dưỡng xa trung tâm,5
Khách sạn thiên đường,5
Khách sạn thiết kế rất rất đẹp,5
Khách sạn thiết kế rất xinh đẹp,5
Khách sạn thông minh,5
Khách sạn thông minh mới lạ hiện đại,5
"Khách sạn thơ mộng, yên tĩnh, thư giãn tốt",5
Khách sạn thú vị,5
Khách sạn tiện nghi,5
Khách sạn tiện nghi hơn so với mình nghĩ,5
Khách sạn tiêu chuẩn,5
"Khách sạn tiêu chuẩn tốt, thái độ nhân viên kém",5
Khách sạn tọa lạc vị trí đẹp,5
"Khách sạn tốt , nhân viên chu đáo",5
Khách sạn tốt chất lượng tuyệt vời,5
Khách sạn tốt cho nghỉ dưỡng gia đình và cặp đôi,5
Khách sạn tốt đáng giá tiền,5
Khách sạn tốt đẹp,5
Khách sạn tốt để ở trong thời gian ngắn,5
Khách sạn Tốt để trải nghiệm,5
Khách sạn tốt nhân viên nhiệt tình,5
Khách sạn tốt nhất,5
Khách sạn tốt nhất cho gia đình,5
Khách sạn tốt nhất để ở tại Huế,5
Khách sạn tốt nhất nên ở tại Huế,5
Khách sạn tốt nhất Nha Trang,5
Khách sạn tốt nhất ở nha trang,5
Khách sạn tốt nhất ở Sài Gòn,5
Khách sạn tốt nhất thành phố!,5
Khách sạn tốt nhất trong tầm giá,5
Khách sạn tốt sạch nhân viên thân thiện,5
Khách sạn tốt tại Nha Trang,5
Khách sạn tốt tại Thành phố Huế,5
Khách sạn tốt thuận tiện,5
"Khách sạn tốt, 4 sao cho dịch vụ",5
"Khách sạn tốt, đáng tiền",5
"Khách sạn tốt, nhân viên thân thiện",5
"Khách sạn tốt, tuy nhiên Agoda cần cải thiện",4
"Khách sạn tốt, vị trí trung tâm Thành phố Huế",5
Khách sạn trẻ trung cá tính,5
Khách sạn trẻ trung màu sắc,5
Khách sạn trẻ trung năng động,5
"Khách sạn trên đảo, nhưng biển không tắm được vì dơ",2
Khách sạn trung tâm thành phố huế.,5
Khách sạn tuyệt vời,5
Khách sạn tuyệt vời,5
Khách sạn tuyệt vời nhất mà tôi từng đến,5
Khách Sạn tuyệt vời nhất ở Nha Trang,5
Khách sạn tuyệt vời ở Đà Nẵng,5
Khách Sạn tuyệt vời tại trung tâm thành phố Đà Nẵng,5
Khách sạn tuyệt vời tại trung tâm thành phố Huế,5
Khách sạn tuyệt vời với hồ bơi vô cực trên tầng thượng,5
"Khách sạn tuyệt vời, phòng rộng, sạch",5
Khách sạn ưa thích,5
Khách sạn vị trí đẹp,5
Khách sạn vị trí trên đồi yên tĩnh,5
Khách sạn View Cầu Rồng đẹp tại Đà Nẵng,5
Khách sạn view đẹp,5
"Khách sạn view đẹp, nhân viên tiếp đón khách chu đáo",5
"Khách sạn view đẹp, sang trọng.",5
"Khách sạn view đẹp, yên tĩnh, thích hợp nghỉ dưỡng",5
"khách sạn vinpearl tuyệt vời, đẳng cấp 5 sao",5
Khách sạn với vị trí thuận tiện và phòng có khung cảnh hướng sông đẹp,5
Khách sạn với view thung lũng,5
"Khách sạn xây trên triền núi, hướng ra thung lũng nhỏ, gia đình có trẻ nhỏ hợp vì nhiều cây và yên tĩnh",5
Khách sạn xịn mịn,5
Khách sạn xịn ở Đà Lạt,5
Khách sạn xinh đẹp và ấn tượng,5
Khách sạn xứng đáng với mức tiền bỏ ra,5
Khách sạn yên tĩnh,5
"Khách sạn yên tĩnh sạch sẽ, nhân viên nhiệt tình, chu đáo.",5
Khách sạn yên tĩnh và xanh mát,5
Khách sạn yêu thích của tôi,5
Khách sạn yêu thích khi tới Đà Lạt,5
"Khách sạn, nhà hàng số 1 cho sự lựa chọn khi đến Đà Nẵng.",5
"Khi có dịp sẽ ghé lại, rất cám ơn resort nhiều",5
Khoảng thời gian thư giãn tuyệt đối.,5
Khoảng thời gian tuyệt vời,5
khoảng thời gian vui vẻ cùng gia đình,5
Không bao giờ đặt phòng tiêu chuẩn tầng hầm cho kỳ nghỉ,2
Không có,2
"Không có gì để phàn nàn, quá chuẩn luôn, phòng ốc sạch sẽ, nhân viên thân thiện nhiệt tình, đáng yêu",5
Không gian đảo biệt lập,5
Không gian đẳng cấp và ven toàn Đà Lạt xưa,5
không gian đẹp,5
Không gian đẹp thích hợp cho nghỉ dưỡng”,5
Không gian khách sạn,5
"Không gian khoáng đạt, nơi ""cởi trói"" tuyệt vời sau những ngày ""sống nhanh"" nơi thành phố",5
"không gian lãng mạn, bãi biển đẹp và thơ mộng giữa núi và biển.",5
"Không gian quá đẹp để tận hưởng không khí mát lạnh của hồ tuyền lâm, rừng thông, và cả khuôn viên khách sạn",5
"Không gian rộng, thoáng, đẹp tuy nhiên dịch vụ ngừng hơi sớm",4
"Không gian thoải mái, đẹp, ngắm cảnh kết hợp thể thao, nhân viên rất thân thiện",5
Không gian thoáng đãng,5
"Không gian thoáng, cảnh đẹp,gần Thiền viện Trúc Lâm",5
"Không gian thoáng, sạch sẽ, phục vụ ăn sáng rất đa dạng",5
Không gian tuyệt vời,5
Không gian tuyệt vời cho gia đình và cặp đôi,5
"Không gian và hỗ trợ nvien rất tốt, resort sạch sẽ yên tĩnh.",5
Không gian văn hóa bắc bộ rất tự nhiên.,5
"không gian xanh, sang trọng",5
"Không gian yên tĩnh, đồ ăn ngon",5
"Không gian yên tĩnh, sạch đẹp",5
"Không gian yên tĩnh, thoải mái",5
Không khí trong lành giữa trung tâm thành phố,5
Không làm mình thất vọng,5
Không nên chọn tầng hầm vì không có view,2
Không quá xa trung tâm mà vẫn biệt lập và yên tĩnh.,5
Không thể tuyệt vời hơn.,5
Không thích hợp cho gia đình có trẻ nhỏ,5
Khu cảnh khách sạn rất đẹp,5
Khu du lịch nghỉ dưỡng an lành,5
Khu nghỉ dưỡng cao cấp tại Vịnh Hạ Long,5
Khu nghỉ dưỡng đẹp với hồ bơi và bãi biển tuyệt vời,5
Khu nghỉ dưỡng lãng mạn và tuyệt vời,5
"Khu nghỉ dưỡng lâu đời, thú vị và bình yên",5
Khu nghỉ dưỡng lý tưởng,5
Khu nghỉ dưỡng năm ngay trung tâm thành phố,5
Khu nghỉ dưỡng siêu đẹp,5
Khu nghỉ dưỡng tuyệt vời,5
Khu nghỉ dưỡng yên bình không náo nhiệt,5
"Khu nghỉ dưỡng yên bình, thơ mộng.",5
Khu nghỉ dưỡng yên tĩnh tuyệt mỹ,5
Khu nghỉ dưỡng yên tĩnh và tiện nghi,5
"Khu nghỉ đẹp, yên tĩnh, rất phù hợp với việc nghỉ dưỡng.",5
Khu nghỉ rất đẹp,5
"Khu nghỉ rộng, thích hợp nghỉ dưỡng",5
"Khu nghỉ tốt, quay lại lần sau",4
"Khu resort cảnh đẹp, cách âm kém",2
Khu resort tuyệt vời nhất Nha Trang,5
Khu resort tuyệt vời,4
"khung cảnh đẹp, nhân viên chuyên nghiệp",4
"Khung cảnh đẹp, phòng đẹp, dịch vụ ổn",4
"Khung cảnh thoáng mát, yên tĩnh thích hợp cho nghỉ dưỡng",4
khuôn viên đẹp,4
Khuôn viên đẹp nhưng đồ dùng trong phòng hơi cũ,2
Khuôn viên đẹp thiếu yên tĩnh,4
"Khuôn viên đẹp, nhân viên chu đáo",5
Khuôn viên đẹp. ăn sáng ngon đa dạng,5
"Khuôn viên được decor đẹp, chăm sóc tốt",5
"Khuôn viên được trang trí đẹp, chăm sóc tốt",5
khuôn viên khách sạn đẹp,5
Khuôn viên khách sạn khá lãng mạn,5
Khuôn viên tuyệt vời,5
Kì nghỉ công tác kết hợp với gia đình,5
Kì nghỉ đông gần nhà,5
Kì nghỉ hè vui vẻ,5
Kì nghỉ không thể tuyệt vời hơn,5
Kì nghỉ thư giãn,5
Kì nghỉ thư giãn và tuyệt vời,5
Kỉ niệm cùng các bạn nơi đảo Rều thân yêu,5
Kỉ niệm đáng nhớ cùng bạn gái,5
Kỉ niệm đẹp trong tôi,5
Kỉ niệm gia đình đến vinpearl,3
Kỉ niệm giữa tuần,3
Kỉ niệm lần đầu tại Vinpearl,3
Ki niệm ngày cưới,3
Kid Club vui chơi tuyệt vời,5
Kids Club có nhiều trò chơi thật tuyệt vời,5
Kids club rất vui cho các bé,5
kiến trúc đẹp. không gian rộng.,5
Kiến trúc mang phong cách Đông Dương,5
Kỳ kỷ niệm ngày cưới đáng nhớ,5
Kỳ nghỉ,3
kỳ nghỉ của mình rất tuyệt vời,5
Kỳ nghỉ dưỡng cùng gia đình trở nên hoàn hảo vì được ở nơi đây,5
Kỳ nghỉ dưỡng đáng nhớ,5
Kỳ nghỉ dưỡng hài lòng,5
Kỳ nghỉ dưỡng thú vị,5
Kỳ nghỉ dưỡng tuyệt vời,5
Kỳ nghỉ dưỡng vui vẻ,5
Kỳ nghỉ dưỡng ý nghĩa,5
Kỳ nghỉ đáng nhớ,5
Kỳ nghỉ đáng nhớ bên gia đình,5
Kỳ nghỉ đáng nhớ cho ngày kỷ niệm cặp đôi,5
Kỳ nghỉ đáng nhớ của tôi cùng các bạn,5
Kỳ nghỉ đáng nhớ cùng người thương,5
Kỳ nghỉ đáng nhớ cùng người yêu,5
Kỳ nghỉ đáng nhớ với dịch vụ đẳng cấp 5 sao,5
Kỳ nghỉ đáng nhớ!,5
Kỳ nghỉ đầu tiên cùng gia đình tại Vinpearl,3
Kỳ nghỉ đông gần nhà,3
Kỳ nghỉ đông hạnh phúc,3
Kỳ nghỉ đường hài lòng,3
Kỳ nghỉ gia đình,3
kỳ nghỉ gia đình tuyệt vời !,5
kỳ nghỉ gia đình.,3
Kỳ nghỉ giáng sinh tuyệt vời,5
Kỳ nghỉ Halloween cùng gia đình,3
Kỳ nghỉ hàng năm,3
Kỳ nghỉ hạnh phúc,3
Kỳ nghỉ hè của gia đình tôi tại đây rất hài lòng,3
Kỳ nghỉ hè đáng nhớ bên gia đình,3
"Kỳ nghỉ hè tuyệt vời và đáng nhớ, sẽ quay lại .",5
Kỳ nghỉ hè vui vẻ,4
Kỳ nghỉ hoàn hảo,5
Kỳ nghỉ hợp lý,4
kỳ nghỉ khá thoải mái vui vẻ,4
Kỳ nghỉ khá thú vị,4
Kỳ nghỉ khó quên,4
Kỳ nghỉ không thể nào quên,4
Kỳ nghỉ kỷ niệm nhân dịp valentine,3
Kỳ nghỉ lãng mạn,3
Kỳ nghỉ lần thứ hai,3
Kỳ nghỉ lễ tết nguyên đán,3
Kỳ nghỉ lễ tuyệt vời,3
Kỳ nghỉ lý tưởng,3
Kỳ nghỉ mát cùng với gia đình,3
Kỳ nghỉ ngắn hạn,3
Kỳ nghỉ ngắn ngày,3
Kỳ nghỉ ngắn ngủi nhưng đáng nhớ,4
Kỳ nghỉ ngắn tuyệt vời,5
Kỳ nghỉ nhiều cảm xúc,5
Kỳ nghỉ Noel đáng nhớ,5
kỳ nghỉ OK,5
Kỳ nghỉ Paradise Suite ấm áp và thoải mái,5
kỳ nghỉ quá thoải mái luôn,5
Kỳ nghỉ quá tuyệt vời,5
Kỳ nghỉ quá vui,5
kỳ nghỉ rất có giá trị,5
kỳ nghỉ rất thoải mái,5
Kỳ nghỉ rất tuyệt,5
Kỳ nghỉ rất tuyệt vời,5
Kỳ nghỉ rất vui,5
Kỳ nghỉ sinh Nhật cùng gia đình,5
Kỳ nghỉ thật tuyệt vời,5
Kỳ nghỉ thoải mái dễ chịu,5
Kỳ nghỉ thú vị và lãng mạn trên đảo rều Vinpearl,5
Kỳ nghỉ thư giãn,4
kỳ nghỉ tốt,4
Kỳ nghỉ tốt đẹp,4
"kỳ nghỉ tốt đẹp, tôi thích nó",4
Kỳ nghỉ tốt đẹp!,4
Kỳ nghỉ tránh dịch,4
Kỳ nghỉ trăng mật.,4
Kỳ nghỉ trọn vẹn,4
Kỳ nghỉ trọn vẹn bên gia đình,4
Kỳ nghỉ tuần trăng mật,4
Kỳ nghỉ Tuần trăng mật tại quê nhà,4
Kỳ nghỉ tuyệt vời cho gia đình có trẻ nhỏ,5
Kỳ nghỉ tuyệt vời của con,5
Kỳ nghỉ tuyệt vời cùng bạn bè!,5
Kỳ nghỉ tuyệt vời cùng các bạn,5
Kỳ nghỉ tuyệt vời nhất,5
Kỳ nghỉ tuyệt vời nhất từng đi,5
Kỳ nghỉ tuyệt vời ở Nha Trang Bay,5
Kỳ nghỉ tuyệt vời trước tết nguyên đán 2021,5
"Kỳ nghỉ tuyệt vời và đáng nhớ,",5
Kỳ nghỉ tuyệt vời với đồng nghiệp,5
Kỳ nghỉ tuyệt vời với gia đình,5
Kỳ nghỉ tuyệt vời với mẹ,5
"Kỳ nghỉ tuyệt vời, không khí trong lành, không gian yên tĩnh; phù hợp cho nghỉ dưỡng",5
"Kỳ nghỉ tuyệt vời, tuy nhiên cần cải thiện nhà hàng",5
Kỳ nghỉ tươi đẹp,5
Kỳ nghỉ với bạn,3
Kỳ nghỉ với bạn trai,3
Kỳ nghỉ với gia đình,3
Kỳ nghỉ vui vẻ,4
Kỳ nghỉ vui vẻ cùng đồng đội cũ,4
Kỳ nghỉ vui vẻ cùng gia đình,4
Kỳ nghỉ vui vẻ nhẹ nhàng tại Amiana,4
Kỳ nghỉ vui vẻ với gia đình,4
Kỳ Nghỉ Ý Nghĩa,5
"Kỳ nghỉ yên tĩnh, nạp lại năng lượng",4
"Kỳ nghỉ, trải nghiệm tuyệt vời",4
Kỷ niệm 1 năm,3
Kỷ niệm bên Bạn bè,3
Kỷ niệm đáng nhớ tại Vinpearl Nha Trang Bay,4
Kỷ niệm đẹp tại Vinpearl,4
Kỷ niệm kẹp tại Vinpearl,4
Kỷ niệm ngày cưới,3
Kỳ trải nghiệm tuyệt vời cùng những người bạn.,5
Là 1 trong những trải nghiệm đáng mong đợi.,5
Là một nơi lý tưởng để nghỉ dưỡng,5
Là nơi lý tưởng đáng để ở,5
Là nơi nghỉ dưỡng tốt,5
Là nơi tuyệt vời.,5
Làm tốt lắm,4
Làm tốt lắm các bạn,4
Lãng mạn,4
Lần đầu cho bé hạ thuỷ - kỷ niệm đẹp,3
Lần đầu đến khách sạn 5 sao tôi cảm thấy rất hài lòng,5
Lần đầu đến và rất hài lòng,5
Lần đầu làm chuyện ấy,3
Lần đầu trải nghiệm dịch vụ,3
Lần đầu trải nghiệm dịch vụ la vela sài gòn,3
Lần đầu trải nghiệm dịch vụ tại Vin,3
Lần đầu trải nghiệm dịch vụ Vinpearl,3
Lần đầu trải nghiệm và rất hài lòng luôn,5
Lâu rồi mới quay lại Vinpearl,4
Lịch sự,4
Lịch sự và chu đáo,5
Lịch sự và tử tế,5
"Lịch sự, thân thiện và chu đáo",5
"Lịch sự, thoải mái, buffet ngon",5
Liên hoan công ty,3
loại hình hotel mới thú vị,4
Loại phòng và dịch vụ,3
Lobby bar đẳng cấp 5 sao tại Sheraton Nha Trang,5
Lời cảm ơn,3
Lời cảm ơn dành cho Hon Tam,4
luôn chọn Sheraton là nơi nghỉ ngơi mỗi khi đi du lịch cùng gia đình,4
Luôn là lựa chọn của tôi,4
Luôn là lựa chọn hợp lý nhất !,4
Lựa chọn đầu tiên cho kỳ nghỉ tại Đà Nẵng,4
Lựa chọn đúng đắn,4
Lựa chọn nghỉ dưỡng mới mà không phải đi xa cho người dân miền Bắc,4
Lựa chọn phù hợp cho một chuyến nghỉ dưỡng,4
Lựa chọn tốt,4
Lựa chọn tốt cho du lịch nhóm hoặc cặp đôi,4
Lựa chọn tốt khi ở Đà Lạt,4
Lựa chọn tốt nhất tại thủ đô,4
"Lựa chọn tốt, đáng để quay lại",4
Lựa chọn tuyệt vời,5
mãi mãi yêu,4
Mê,4
Mến Thương Nơi Đây,4
"Miễn chê, Trên cả tuyệt vời",5
"Mình có trải nghiệm tốt, tuy nhiên sẽ hoàn hảo nếu cải thiện được những điều trên.",4
Mình đã có 1 trải nghiệm không vui tại đây,5
Mình đã có trải nghiệm rất tốt tại Zen Valley,5
"Mình đánh giá cao phần nhân viên, thật sự dễ thương và chu
đáo.",5
"Mình rất hài lòng khi lưu trú tại Terracotta sau vài lần bỏ lỡ, nơi lý tưởng để nghỉ dưỡng, muốn lên trung tâm để ăn uống",5
Mình rất hài lòng về Amiana,5
Mình rất hài lòng về kỳ nghỉ,5
Mình rất thích Navada,5
Mình sẽ đến vào lần sau,4
Mình sẽ quay lại,4
Mọi người nên trải nghiệm khách sạn khi đến với Hạ Long,4
"mọi người thân thiện, dịch vụ tốt",5
Mọi thứ đều đúng như quảng cáo.,5
Mọi thứ đều hài lòng,5
Mọi thứ đều ok,5
"Mọi thứ đều ok trừ điểm tâm sáng và vấn đề nhà tắm và nhà vệ sinh",5
Mọi thứ đều ổn,4
Mọi thứ đều ổn trừ bãi đậu xe ô tô,5
Mọi thứ đều rất tốt,5
Mọi thứ đều rất tuyệt khung cảnh tới nhân viên ở đây quá tinh tế tuyệt vời.,5
"Mọi thứ đều rất tuyệt, phục vụ rất tốt, cảnh tuyệt đẹp, phòng đẹp",5
Mọi thứ đều tốt,5
Mọi thứ đều tuyệt,5
Mọi thứ đều tuyệt nhưng vị trí không thuận lợi,5
Mọi thứ đều tương đối tốt,5
Mọi thứ ok,5
Mọi thứ quá tuyệt vời!,5
Mọi thứ rất tuyệt,5
"Mọi thứ sẽ hoàn hảo nếu như không bị quá phiền phức với phòng đối diện có vài trẻ nhỏ",2
Mọi thứ thật tuyệt vời,5
"Mọi thứ tốt và dĩ nhiên tôi sẽ chọn nơi đây cho kỳ lưu trú sắp tới",5
"Mọi thứ tuyệt vời, cảnh Hồ Tuyền Lâm thơ mộng",5
"Mọi thứ tuyệt vời, khung cảnh đẹp.",5
Mọi tiện nghi đều rất tuyệt vời,5
Mọi tiện nghi đều sử dụng được,4
Mong có dịp quay lại.,4
"Mong rằng nước thải ra biển được cải thiện hoặc thanh lọc tốt hơn khi Thải ra biển",2
"Mỗi lần đến Nha Trang tôi đều chọn Spa Sheraton Nha Trang để ở, và tôi luôn có cảm giác như được trở về nhà.",5
Một ấn tượng khó quên,5
Một buổi đi chơi cùng bạn,3
Một buổi hẹn ở skybar,3
Một buổi tối ấm áp bên gia đình,4
Một buổi tối tuyệt vời tại La Vela,5
Một buổi tối vui vẻ,4
Một buổi trưa tuyệt vời cùng gia đình,5
Một bữa tiệc tuyệt vời cùng đồng nghiệp tại MERMAID,5
Một bữa tối ấm cúm tại Lavela,4
Một bữa tối cuối tuần lãng mạn,5
Một cảm giác tuyệt vời cho kì tầng trăng mật,5
Một chút thất vọng,5
"Một chuyến du lịch Nha Trang đầy thú vị, và một trải nghiệm nghỉ dưỡng tuyệt vời",5
Một chuyến du lịch tuyệt vời,5
Một chuyến đi chơi xa,3
Một chuyến đi cực chill và vui vẻ.,5
Một chuyến đi đáng nhớ,5
Một chuyến đi đáng nhớ kỷ niệm 5 năm ngày cưới,5
Một chuyến đi đẹp.,5
Một chuyến đi nghỉ tuyệt vời,5
Một chuyến đi thật tuyệt vời cùng dịch vụ rất ok,5
Một chuyến nghỉ dưỡng thật tuyệt vời,5
Một đêm nghỉ dưỡng thư giãn và thoải mái,5
Một địa điểm đáng trải nghiệm,5
Một địa điểm đẹp,5
Một địa điểm nhất định phải check in ở Đà Lạt,5
một địa điểm sống ảo thú vị,5
Một địa điểm tốt để tổ chức Hội thảo,5
Một địa điểm tuyệt vời,5
Một địa điểm tuyệt vời cho gia đình,5
một địa điểm tuyệt vời cho kỳ nghỉ lãng mạn,5
Một địa điểm tuyệt vời để nghỉ dưỡng,5
Một địa điểm tuyệt vời tại miền Bắc cho nghỉ dưỡng.,5
Một điểm dừng chân thú vị ở Huế,5
Một khách sạn 5 sao tuyệt đẹp!,5
Một khách sạn có dịch vụ tuyệt vời,5
Một khách sạn đáng trải nghiệm,5
Một khách sạn nhất định phải đến ở Đà Lạt,5
Một khách sạn tốt,5
Một khách sạn tuyệt vời khi đến với Đà Nẵng,5
Một khoảng thời gian tuyệt vời,5
Một khu nghỉ dưỡng tuyệt vời,5
Một khu nghỉ mát tuyệt vời - mọi thứ đều hoàn hảo!,5
Một khu vườn tuyệt vời giữa trung tâm thành phố Đà Lạt,5
Một kì nghỉ dưỡng trọn vẹn,5
Một kì nghỉ đáng nhớ tại Vinpearl Resort and ấp Nha Trang Bay,5
Một kì nghỉ nhiều cảm xúc,5
Một kì nghỉ trên cả tuyệt vời,5
Một kỳ nghỉ ấm cúng,5
Một kỳ nghỉ dễ chịu,5
Một kỳ nghỉ dưỡng tuyệt vời,5
Một kỳ nghỉ đáng nhớ,5
"Một kỳ nghỉ đáng nhớ, tuyệt vời, rất cảm ơn",5
Một kỳ nghỉ hè tuyệt vời,5
Một kỳ nghỉ hoàn hảo,5
Một kỳ nghỉ khó quên,5
một kỳ nghỉ nơi này rất OK và sẽ ghé lại lần sau,5
Một kỳ nghỉ Tết đáng nhớ của gia đình,3
Một kỳ nghỉ thật tuyệt vời,5
Một kỳ nghỉ thú vị,4
Một kỳ nghỉ thư giãn trọn vẹn,5
một kỳ nghỉ trải nghiệm ở resort Hòn Tằm Resort,5
Một kỳ nghỉ trên cả tuyệt vời,5
Một kỳ nghỉ tuyệt vời,5
Một kỳ nghỉ tuyệt vời cho cả gia đình,5
Một kỳ nghỉ tuyệt vời cùng gia đình,5
một kỳ nghỉ tuyệt vời và xuất sắc,5
Một kỳ nghỉ vô cùng thoải mái,5
"một kỳ thư giãn thoải mái, khí hậu trong lành, view cạnh bờ hồ cảm giác bình yên",5
Một lựa chọn tuyệt vời,5
Một mùa hè đầy ý nghĩa với những người bạn tại Tuần châu,5
Một ngày cuối tuần cùng người yêu,5
"Một ngày hoàn hảo với người bạn thân của tôi, view đẹp, rẻ.",5
Một ngày nghỉ tuyệt vời,5
Một ngày Sinh nhật tuyệt vời,5
Một ngày sinh nhật tuyệt vời tại skybar,5
Một ngày trải nghiệm,3
một nơi có thể thư giãn,4
một nơi đáng để đến,5
Một nơi đáng để trải nghiệm,5
Một nơi đáng đến,5
Một nơi đáng đến và đáng quay lại,5
"Một nơi đáng đến, đáng trải nghiệm, và thật sự đáng tiền hơn cả mong đợi",5
Một nơi đáng đồng tiền,5
Một nơi lưu trú rất tuyệt,5
Một nơi nghỉ dưỡng và vui chơi lý tưởng,5
Một nơi rất nên ở để có một chuyến đi Đà Lạt hoàn hảo,5
một nơi thật sự nghỉ dưỡng,5
Một nơi thật tuyệt,5
Một nơi thật tuyệt vời,5
Một nơi thoải mái và thú vị,5
Một nơi thú vị để đến trong mùa hè này,5
Một nơi tốt để ở,5
Một nơi tuyệt vời cho kỳ nghỉ dưỡng,5
Một nơi tuyệt vời để nghỉ dưỡng,5
Một nơi tuyệt vời để nghỉ ngơi,5
"Một nơi xanh, sạch để thư giãn",5
một nơi yên bình,5
Một nơi yên bình nghỉ dưỡng tuyệt vời,5
Một nơi yên tĩnh để ở,4
"Một resort đẹp, lãng mạn và thật sự dễ chịu",5
Một resort phải đến ở Nha Trang,4
Một resort tuyệt vời,5
một số góp ý,3
Một sự lựa chọn cho kỳ nghỉ hè của bạn,4
Một sự lựa chọn hoàn hảo.,5
Một sự trải nghiệm vô cùng thú vị và tuyệt vời,5
Một trải nghiệm đáng nhớ,4
Một trải nghiệm đáng nhớ tại Vinpearl !,5
Một trải nghiệm mới lạ,4
Một trải nghiệm thật tuyệt,5
Một trải nghiệm thật tuyệt vời tại Wink Hotel Danang Centre,5
Một trải nghiệm thú vị,4
Một trải nghiệm tốt,5
Một trải nghiệm tuyệt vời,5
Một trải nghiệm tuyệt vời cho gia đình tôi,5
Một trải nghiệm tuyệt vời cùng khách sạn Sheraton,5
Một trải nghiệm tuyệt vời đối với tôi khi đến đây nghỉ dưỡng cùng bạn bè,5
Một trải nghiệm tuyệt vời khi đến HAVANA,5
Một trong những khách sạn cao cấp nhất Ninh Bình,5
Một vài đánh giá dịch vụ,3
Mới lạ,4
"Mới, sạch, thân thiện",5
mùa hè tuyệt vời,5
Muốn có một kỳ nghỉ thoải mái hãy chọn Sheraton.,5
Muốn quay trở lại,4
Mức độ hài lòng về khu nghỉ dưỡng,4
Mừng Sinh Nhật Chính Chủ,3
"Mường Thanh Huế, trải nghiệm thú vị",4
năm sau sẽ quay lại,4
Nên đến nghỉ dưỡng khi đi Đà lạt,4
Nên ở,4
Nên ở bungalow,4
Nên thử,4
Nên trải nghiệm,4
Nên trải nghiệm nơi đây,4
Nên trải nghiệm vườn hồng ở đây,4
Nếu bạn đi ô tô thì nên cân nhắc,2
"Nếu bạn nhớ Châu âu, đây là nơi tốt nhất",5
Nếu có điều kiện sẽ quay lại,4
Ngay 20/10 đáng nhớ,4
Ngày 20/10 tuyệt vời cùng gia đình,4
Ngày cuối tuần vui vẻ,4
Ngày lễ ấm cúng,3
Ngày lễ của gia đình,3
Ngày Lễ Tết bên gia đình,3
"Ngày Lễ tuyệt vời, nhân viên tốt bụng",4
Ngày sinh nhật đáng nhớ,4
Ngắm view thành phố đà nẵng tại wink,3
"Nghỉ dưỡng cùng gia đình, trải nghiệm tuyệt vời",5
Nghỉ dưỡng khách sạn 5 sao tuyệt vời nhất,5
Nghỉ dưỡng là đây,5
nghỉ dưỡng thả ga,5
Nghỉ dưỡng thảnh thơi,5
Nghỉ dưỡng thật tuyệt,5
Nghỉ dưỡng thì vin là một trong những khách sạn 5 sao hàng đầu và nên đi,5
Nghỉ dưỡng trọn vẹn,5
Nghỉ dưỡng tuyệt vời,5
Nghỉ dưỡng tuyệt vời cùng gia đình,5
Nghỉ dưỡng vui vẻ,5
Nghỉ dưỡng ý nghĩa,5
Nghỉ dưỡng yên bình bên hồ Tuyền Lâm,5
"Nghỉ dưỡng yên tĩnh, cảnh đẹp",5
Ngon,5
"Ngon, đa dạng",5
"Ngon, sẽ quay lại",5
Nhà hàng buffet tầng 25 rất tốt,5
Nhà hàng Dimsum ngon,5
Nhà hàng đã hoạt động trở lại và lợi hại hơn xưa,5
Nhà hàng đẹp,5
Nhà hàng hải sản buffet,5
Nhà hàng rất tuyệt,5
Nhà hàng trên cao,3
Nhà hàng tuyệt vời,5
Nha Trang Bay ngày trở lại,4
Nha Trang cùng gia đình,3
Nha Trang hẹn ngày trở lại,4
Nha trang lần 3,3
Nha trang siêu đẹp…,5
Nha Trang xinh dep,5
"Nhan viên ở đây rất thân thiện, nhiệt tình",5
Nhân viên ấm áp,5
Nhân viên chân thật và chuyên nghiệp,5
Nhân viên chu đáo,5
Nhân viên chuyên nghiệp nhiệt tình,5
"Nhân viên dễ thương, cảnh đẹp, đồ ăn ngon",5
"Nhân viên đẹp trai, lái xe điện bao ngầu",5
Nhân Viên Hết sức dễ thương,5
Nhân viên hỗ trợ tốt,5
Nhân viên khách sạn,5
"Nhân viên khách sạn nhiệt tình, vị trí khách sạn và view đẹp",5
"Nhân viên khách sạn thân thiện nhiệt tình, rất hài lòng",5
Nhân viên lễ tân không thân thiện và khó chịu với khách,5
Nhân viên lễ tân tuyệt vời,5
Nhân viên người Hàn Quốc rất thân thiện.,5
Nhân viên nhà hàng rất nhiệt tình,5
Nhân viên nhiệt tình chu đáo.,5
Nhân viên nhiệt tình dễ thương,5
"Nhân viên nhiệt tình và thân thiện, ăn sáng ngon, vệ sinh sạch",5
"Nhân viên nhiệt tình, dịch vụ tuyệt vời.",5
"Nhân viên nhiệt tình, thân thiện",5
Nhân viên phục vụ rất thân thiện,5
Nhân viên phục vụ tận tình,5
"Nhân viên phục vụ tận tình chu đáo, phòng ốc thì khỏi nói quá sang trọng và sạch sẽ.",5
"Nhân viên phục vụ tận tình và chu đáo, có thể gửi xe máy ở khách sạn.phòng sạch sẽ,đầy đủ tiện nghi",5
"Nhân viên phục vụ tận tình, chuyên nghiệp",5
Nhân viên phục vụ tốt,5
Nhân viên quá nhiệt tình và có tâm,5
nhân viên rất nhiệt tình,5
Nhân viên rất thân thiện,5
Nhân viên siêu dễ thương,5
Nhân viên thân thiện nhiệt tình,5
Nhân viên thân thiện phòng đẹp,5
Nhân viên thân thiện và chuyên nghiệp,5
"Nhân viên thân thiện, cực kì dễ thương.",5
"Nhân viên thân thiện, khách sạn đẹp, phục vụ hoàn hảo",5
"Nhân viên thân thiện, khách sạn sạch, đẹp",5
"Nhân viên thân thiện, món bánh canh chả cá cần cải thiện",4
"Nhân viên thân thiện, nhiệt tình.món ăn ngon, đa dạng, phong phú, phòng đẹp,cảnh đẹp",5
"Nhân viên thân thiện, sạch sẽ, tiện nghi.",5
"Nhân viên thân thiện, tác phong chuyên nghiệp",5
"Nhân viên thân thiện, vị trí tuyệt vời",5
nhân viên tốt,5
Nhân viên tuyệt tuyệt vời,5
Nhân viên tư vấn không chuyên nghiệp,2
"Nhân viên vui vẻ , resort sạch sẽ",5
Nhận xét chất lượng dịch vụ tốt,5
Nhận xét về khách sạn,3
Nhất định phải ở,5
Nhẹ nhàng và thoải mái thư giãn với không gian đẹp,5
"Nhiệt tình, thân thiện và chu đáo",5
Nhiều trải nghiệm thú vị và bánh pana chanh dây,4
Nhìn chung hài lòng,4
"Nhìn chung khách sạn rất xứng đáng so với giá tiền bỏ ra, có vẻ tốt hơn nhiều khách sạn tiêu chuẩn 3 sao khác.",4
"Nhìn chung là một chỗ rất đáng để đến nghỉ dưỡng thích hợp cặp đôi và gia đình, tuy nhiên resort nên ghi rõ thêm thông tin",4
nhìn chung mọi thứ đều tuyệt vời,5
Những Cảm nhận của tôi,3
Những chia sẻ trong thời gian lưu trú tại Vinpearl Bay,3
"Những gì bạn thấy trên ảnh, bên ngoài còn đẹp hơn",5
Những giây phút tuyệt vời bên gia đình tại Amiana Resort and villas,5
Những ngày nghỉ dưỡng tại Vinpearl Nha Trang.,3
Những ngày nghỉ dưỡng tuyệt vời,5
"Những ngày ở Ana Mandara cả gia đình mình đã có kỳ nghỉ rất tuyệt vời",5
Những trải nghiệm tuyệt vời,5
Những trải nghiệm tuyệt vời khi lần đầu đến La Vela Sài Gòn,5
Niềm vui khi được phục vụ tốt,5
Niềm vui về đêm,5
nói chung là vui,5
"Nội thất của phòng rất tuyệt vời, mọi thứ đều tiện ích.",5
Nơi bạn nên ghé thăm khi đến Huế,4
Nơi bình yên giữa trung tâm Đà Lạt,4
Nơi cảm xúc thăng hoa,5
Nơi có bãi biển cực đẹp,5
Nơi có dịch vụ tốt,1
Nơi của sự gặp gỡ,4
Nơi duy nhất ở Đà Lạt còn lưu giữ được vẻ đẹp,5
Nơi dừng chân lý tưởng,5
nơi đáng để đến nghỉ mát hằng năm,5
Nơi đáng để lựa chọn.,5
Nơi đáng để lưu trú,5
"Nơi đáng để mọi người trải nghiệm ạ, 10 điểm ạ",5
Nơi đáng để nghỉ ngơi,5
Nơi đáng nghỉ dưỡng,5
Nơi đáng ở khi ghé Đà lạt,5
Nơi đáng ở tại Nha Trang,5
"Nơi đây luôn là điểm tôi luôn chọn nghỉ ngơi mỗi khi tôi
lên Đà Lạt",5
"Nơi đây ở rất thích , nhiều địa điểm sống ảo , phù hợp nghỉ dưỡng",5
Nơi để quay về với Đà Lạt,4
"Nơi hết sức tuyệt vời, bạn nhất định phải ghé thăm một lần",5
Nơi khởi đầu hạnh phúc,5
Nơi làm việc lý tưởng,5
Nơi lưu trú tuyệt vời khi đến Nha Trang,5
Nơi lý tưởng để gặp nhau giữa tuần cùng hội bạn,5
Nơi lý tưởng để nghỉ ngơi,5
Nơi lý tưởng tại Sài Gòn,5
Nơi nên đến,4
Nơi nghỉ chân tuyệt vời,5
Nơi nghỉ dưỡng đẹp,5
nơi nghỉ dưỡng lý tưởng cho gia đình và người yêu,5
"Nơi nghỉ dưỡng lý tưởng cho gia đình, người thân",5
Nơi nghỉ dưỡng thích hợp dành cho gia đình,4
Nơi nghỉ dưỡng trên cả tuyệt vời,5
Nơi nghỉ dưỡng tuyệt vời,5
Nơi nghỉ dưỡng tuyệt vời cho cả gia đình,5
Nơi nghỉ dưỡng tuyệt vời cho gia đình,5
Nơi nghỉ dưỡng tuyệt vời và thú vị,5
"Nơi nghỉ dưỡng tuyệt vời, hạn chế về ẩm thực",4
Nơi nghỉ dưỡng ưa thích,5
Nơi nghỉ dưỡng yên tĩnh,4
Nơi nghỉ lí tưởng,5
Nơi nghỉ ngơi lý tưởng cho gia đình,5
Nơi nghỉ ngơi thú vị khi du lịch đến Đà Lạt,5
Nơi nghỉ ngơi tốt,5
Nơi nghỉ ngơi tuyệt vời,5
Nơi ngự trị Thiên đường,5
Nơi ở đáng giá,5
"Nơi ở đáng tiền , Tiện nghi.",4
Nơi ở đẹp nhưng xa trung tâm,4
"Nơi ở đẹp rất tiện nghi, đã ở 2 lần, lần này ở cả 3 đêm. Thức ăn ngon",5
"Nơi ở đẹp, phong cảnh rất tuyệt vời,tiện nghi tốt.",5
Nơi ở gần gũi thiên nhiên,5
Nơi ở tốt gần bãi tắm sạch,5
Nơi ở tuyệt vời,5
Nơi ở tuyệt vời nên đến khi du lịch Đà Lạt,5
Nơi thích hợp để tổ chức các buổi họp và sự kiện,5
Nơi thích hợp nghỉ dưỡng,5
Nơi thư giãn tuyệt vời trong cuộc sống của tôi,5
Nơi tôi rất thích,5
nơi tốt để ở,5
Nơi tốt nhất để bạn thư giãn,5
Nơi tốt nhất từng đi,5
Nơi Trải Nghiệm nghỉ dưỡng tuyệt vời,5
Nơi tuyệt hảo là đây,5
Nơi tuyệt vời,5
Nơi tuyệt vời để nghỉ dưỡng,5
nơi tuyệt vời để ở,5
Nơi tuyệt vời để thử món ăn đặc biệt.,5
Nơi yên bình ngay trung tâm Đà Lạt,4
Nơi yên tĩnh,4
Nơi yêu thích của tôi ở Đà Lạt,5
nước biển trong xanh,3
"Nước ngon, phục vụ tốt",5
Ok,5
Ôm trọn lòng cố đô qua cửa sổ Skybar Vinpearl Hotel Hue,4
Ổn áp,4
Ổn giá tốt. xa trung tâm,4
Ổn so với đà lạt,4
"Ồn, đồ ăn sáng chán, nhân viên không chuyên nghiệp",2
"ổn, ở khách sạn rất ổn",4
"ở đây rất đẹp và sạch thích hợp cho cặp tình nhân hoặc thích yên tĩnh",5
Ở được,4
"Ở giữa rừng thông vi vu, nhiều hoa lá, tiểu cảnh đẹp chụp
ảnh.",5
Ở trung tâm nên thuận tiện đi vào các khu vực trung tâm,4
"Ở trung tâm, sạch sẽ và yên tĩnh",5
PARADISE SUITES HOTEL quá tuyệt vời ! hy vọng sớm gặp lại các bạn,5
Park Lounge- dịch vụ Đặc biệt,4
Phải đến Huế,4
phải thử,4
phản hồi về chất lượng resort,3
Phiêu bar tầng 1 rất đáng trải nghiệm,4
"Phòng Bugalow đẹp, view thiên nhiên",5
Phong cách phục vụ,3
"Phong cách sang trọng, riêng tư, tiện lợi gần trung tâm",5
"Phong cách, ấm cúng",5
"Phong cảnh đẹp, đồ ăn bình thường",5
"Phong cảnh đẹp, phù hợp nghỉ dưỡng",5
"Phong cảnh hữu tình, resort êm ái",5
phong cảnh tốt - Dịch vụ tốt,5
phong cảnh tuyệt vời,5
Phòng Deluxe rất xinh,5
"Phòng đầy đủ tiện nghi, có hồ bơi ấm, view hồ bơi đẹp, thức ăn ngon, view nhà ăn đẹp",5
"Phòng đẹp , nhân viên cực tốt , vệ sinh",5
Phòng đẹp khi đêm xuống,5
Phòng đẹp và nhân viên phục vụ chuyên nghiệp,5
Phòng đẹp và nhân viên thân thiện,5
Phòng đẹp và quầy bar sang trong,5
Phòng đẹp và thân thiện,5
"Phòng đep, dịch vụ tốt",5
"Phòng đẹp, đồ ăn ngon, nhân viên nhiệt tình",5
"Phòng đẹp, gần chợ",5
"Phòng đẹp, nhân viên dễ thương cực kì, hỗ trợ mình tích cực nâng cấp hạng phòng view đẹp",5
"Phòng đẹp, nhân viên lịch sự",5
"Phòng đẹp, nhìn ra biển",5
"Phòng đẹp, sạch sẽ khách sạn rộng, thoáng mát, có chỗ cho trẻ con vui chơi vì gia đình",5
"Phòng đẹp, view đẹp, nhân viên phục vụ nhiệt tình, chu đáo",5
Phòng gác mới rất tuyệt,5
phòng họp chuyên nghiệp,5
Phòng hội nghị chuẩn quốc tế,5
Phòng hội thảo chuyên nghiệp,5
Phòng hướng view biển,3
Phòng khách sạn rất đẹp,5
Phòng nghỉ rộng rãi thoải mái,5
Phòng ngủ tuyệt vời,5
Phòng ốc rộng rãi đẹp nhất là khu villa,5
"Phòng ốc sạch sẽ, nhân viên thân thiện, xa trung tâm, vô hẻm xa.",4
Phòng ở hơi bí,4
Phòng rất đẹp nhưng vắng vẻ,4
"Phòng rất sạch, nhân viên nhiệt tình",5
"Phòng rộng , sạch đẹp, khung cảnh thơ mộng thích hợp cho
nghỉ dưỡng.",5
Phòng rộng rãi thoải mái,5
Phòng rộng thoải mái,5
"Phòng rộng, sạch sẽ, phù hợp cho gia đình",5
"Phòng rộng, thoải mái , cảnh thiên nhiên thơ mộng",5
Phòng sạch đẹp,5
Phòng sạch sẽ nhưng chăn ga ở đây hơi dày,2
Phòng sạch sẽ thoáng mát.,5
Phòng sạch sẽ và nhân viên thân thiện.,5
"Phòng sạch sẽ, nhân viên thân thiện",5
"Phòng sạch, dịch vụ tốt",5
"Phòng sạch, đẹp, nhân viên nhiệt tình",5
"Phòng thoáng, đẹp, đầy đủ tiện nghi",5
"Phòng tiện nghi, thoáng, sạch sẽ",5
Phòng tiêu chuẩn và bể bơi đẹp,5
"phòng tốt, đẹp, sạch . nhân viên nhiệt tình",5
phòng tuyệt đẹp,5
Phòng tuyệt vời. Đồ ăn buffet ngon và phong phú,5
phòng view đẹp,5
"Phòng xinh xắn, view nhà hàng đẹp.",5
Phở chọc trời ngon nhất Sài Gòn,5
Phù hợp cho du lịch kiểu gia đình,5
Phù hợp cho gia đình có em bé và nghỉ dưỡng,5
Phù hợp cho gia đình nghỉ dưỡng,5
Phù hợp cho nghỉ dưỡng,5
phù hợp cho nhiều đối tượng,5
Phù hợp để nghỉ dưỡng,5
Phù hợp để nghỉ dưỡng trong trung tâm,5
"Phù hợp đi nghỉ ngơi, yên tĩnh",5
Phù hợp giá tiền,5
Phù hợp nghỉ dưỡng,5
"Phù hợp nghỉ dưỡng lãng mạn cho cặp đôi, gần gũi thiên
 nhiên cho gia đình",5
Phù hợp với du lịch nghỉ dưỡng,5
Phù hợp với giá tiền,5
Phù hợp với sở thích của tôi,5
Phù hợp với túi tiền,5
Phục vụ chuyên nghiệp,5
Phục vụ nhiệt tình,5
Phục vụ rất chuyên nghiệp và chu đáo,5
Phục vụ rất nhiệt tình chu đáo,5
"Phục vụ rất tốt, chuyên nghiệp",5
Phục vụ rất tốt.,5
"Phục vụ tốt , chuyên nghiệp - không gian sang trọng địa điểm thuận lợi đi lại cho mọi người và mọi công việc.",5
Phục vụ tốt nhiệt tình dễ thương,5
Phục vụ tuyệt vời,5
"Phục vụ tuyệt vời, khung cảnh đẹp, nhà hàng ăn sáng phong phú",5
Quá đẹp và lãng mạn,5
Quá đỉnh,5
Quá đỉnh cho 1 chuyến đi gia đình,5
Quá hài lòng và đáng giá,5
Quá hài lòng và đáng nhớ,5
Quá hài lòng với trải nghiệm 5 sao cùng Mermaid,5
Quá ổn với tầm tiền,5
Quá tốt,5
Quá tốt và view biển cực đẹp,5
"Quá tuyệt vời ,sẽ ghé lại nhiều lần",5
Quá tuyệt vời cho một kỳ nghỉ tại Nha Trang,5
Quá tuyệt vời khi đến với Emm hotel,5
"Quá tuyệt vời, xuất sắc, chu đáo, nhiệt tình, đồ ăn đa dạng, quầy bar nhân viên rất nhiệt tình, nhiều thứ để trải nghiệm",5
Quá xuất sắc cho 1 kỳ nghỉ gia đình,5
Quang cảnh tuyệt đẹp,5
Quay lại lần 2,4
Quay lại lần 2 rất ok,5
Quay lại lần nữa,4
Quay lại Vinpearl nhiều lần và rất hài lòng.,5
Quay về với thiên nhiên ở Amiana Resort,4
Rất bất tiện khi hotel không có ăn sáng.,1
Rất buồn các bạn nhân viên nhà hàng,1
"Rất cảm ơn khách sạn đã tận tình và chu đáo để gia đình có kỳ nghỉ dưỡng thoải mái.",5
Rất chu đáo,5
rất đáng để chọn khi bạn du lịch ở Nha Trang,5
Rất đáng để đi,5
Rất đáng để lưu trú,5
Rất đáng để quay lại,5
Rất đáng để quay lại nhiều lần,5
Rất đáng để trải nghiệm,5
Rất đáng đồng tiền,5
Rất đáng giá so với giá tiền,5
Rất đáng giá tiền,5
Rất đáng tiền để ở,5
Rất hài lòng,5
Rất hài lòng khi chọn Sheraton Nha Trang làm nơi lưu trú cho kì nghỉ hè của gia đình,5
Rất hài lòng ở Êmm Huế và xứng đáng được giới thiệu,5
Rất hài lòng và sẽ quay lại,5
Rất hài lòng về kỳ nghỉ tại Vinpearl,5
Rất hài lòng về kỳ nghỉ.,5
Rất hài lòng về mọi mặt,5
Rất hài lòng với dịch vụ,5
Rất hài lòng với khách sạn,5
Rất hài lòng với nhân viên và các dịch vụ khách sạn,5
"Rất hài lòng, kỳ nghỉ thú vị",5
"Rất hài lòng, sẽ quay lại",5
rất hài lòng.,5
Rất hấp dẫn,5
Rất khuyến khích,5
Rất là tốt,5
Rất ok,5
"Rất phù hợp cho gia đình vui chơi, nghỉ dưỡng",5
Rất rất hài lòng.,5
Rất rất thích,5
"Rất sạch sẽ,vị trí thuận tiện",5
Rất Thanh lịch,5
Rất thích,5
Rất thích hợp để nghỉ dưỡng,5
"Rất thích không gian của Amiana, dịch vụ và chất lượng đều rất tuyệt vời, sẽ quay lại vào dịp tới",5
Rất thích thái độ phục vụ của nhân viên tại Havana,5
Rất thích villa ,5
Rất thỏai mái,5
Rất thoải mái khi ở đây,5
Rất thoải mái và sẽ quay lại lần tới,5
rất thoải mái và thư giãn,5
"Rất thư giãn, lãng mạn, đẹp",5
rất tốt,5
Rất tốt 5 sao,5
Rất tốt ạ.,5
Rất tốt trong tầm giá,5
"Rất tốt và phục vụ rất tuyệt vời, service rất hài lòng",5
Rất tốt và sạch sẽ,5
"Rất tốt, navada hãy cứ giữ phong độ",5
"Rất tốt, sẽ quay lại",5
"Rất tốt, tiêu chuẩn quốc tế",5
rất tốt. mẹ tôi rất hài lòng,5
Rất tuyệt,5
rất tuyệt vời cho những người yêu kiến trúc cổ điển Pháp,5
Rất tuyệt vời và Ấn tượng,5
"Rất tuyệt vời với những dịch vụ chất lượng và chuyên nghiệp, cảm ơn các bạn",5
"Rất tuyệt vời, hơn cả sự mong đợi của mình.",5
Rất vui đã ở đây,5
Rất vui khi ở vinpearl hạ long,5
Rất vui và hài lòng.,5
"Rất vui vì khi nhận phòng được quen thêm hai bạn mới ,mặc dù mình đi 1 mình, Nhất định sẽ quay lại",5
"Rất xứng đáng, sẽ quay lại",5
Rất yên bình giữa trung tâm thành phố Đà Lạt,4
"Rẻ , sạch sẽ ,tiện nghi .",5
Resort bên bãi biển,3
Resort chuẩn 5 sao,5
Resort có vị trí đẹp,5
Resort có view đẹp,4
Resort cổ - không khí khá thoáng,4
Resort dễ thương,5
Resort đáng giá để chọn nghỉ dưỡng,5
Resort đạt chuẩn,5
Resort đẹp - Dịch vụ chuyên nghiệp,5
Resort đẹp đáng để nghỉ dưỡng,5
"Resort đẹp đồ ăn ngon, nếu không muốn ra ngoài ăn thì các món ăn tối cũng vừa giá tiền",5
Resort đẹp nhất ở Đà Lạt,5
Resort đẹp nhưng đồ ăn rất tệ,2
Resort đẹp và đạt tiêu chuẩn 4 sao.,5
Resort đẹp và sạch sẽ,5
Resort đẹp yên tĩnh,5
"Resort đẹp, dịch vụ chưa tốt",2
"Resort đẹp, đầy đủ tiện nghi, cần cải thiện về đồ ăn",4
"Resort đẹp, không gian thoáng đãng",5
"Resort đẹp, nhân viên cực kỳ thân thiện, buffet sáng ngon",5
"Resort đẹp, sạch, và thân thiện.",5
"Resort đẹp, yên tĩnh",5
Resort gần ngay trung tâm,3
Resort gần trung tâm,3
Resort hài lòng nhất tại Nha Trang,5
Resort Hòn Tằm Nha Trang,3
"Resort mát, cảnh đẹp, yên tĩnh.",5
"Resort nằm trên đồi riêng, khung cảnh nên thơ, thoáng đãng.",5
Resort nên chọn khi đến Đà Lạt,4
Resort nghỉ dưỡng,3
Resort nghỉ dưỡng khá tốt,4
"Resort OK, cần duy trì và cải thiện thêm một vài chi tiết nhỏ.",2
"Resort ở vị trí tuyệt vời nhưng nếu bạn thích sự hiện đại tiện nghi thì nên cân nhắc",4
"Resort phong cách ""Tây"" rất tuyệt vời",5
resort quá tệ không đạt tiêu chuẩn 5 sao,1
Resort quá tuyệt vời về vẻ đẹp và dịch vụ,5
Resort rất đẹp,5
Resort rất đẹp,5
"Resort rất đẹp và mọi người đều rất vui vẻ, nhiệt tình",5
"Resort rất đẹp, đáng yêu phù hợp với cặp đôi, không phù hợp trẻ nhỏ",5
"Resort rất đẹp, nhân viên thân thiện và nhiệt tình",5
"Resort rất đẹp, tiện nghi",5
resort rất lãng mạn,5
Resort rất ổn đáng để thử,4
"Resort rộng lớn, xanh tươi, giữa hồ tuyền lâm.",5
"Resort sạch đẹp, nhân viên nhiệt tình, thích hợp nghỉ dưỡng",5
"Resort sạch đẹp, nhân viên thân thiện",5
resort siêu dễ thương,5
Resort tiện nghi và khung cảnh đẹp,5
Resort tốt,5
Resort tốt nhất,5
Resort tốt và đáng giá,5
Resort tuyệt đẹp,5
resort Tuyệt và nhân viên dễ thương,5
Resort tuyệt vời,5
Resort với hồ bơi rất đẹp,5
"Resort yên bình, gần gũi thiên nhiên",5
"Resort yên tĩnh, view đẹp, sạch sẽ, nhân viên nhiệt tình",5
Resort yêu thích nhất của mình ở Đà Lạt,5
Review khách sạn,3
Review khu Nha Trang Vinpearl,3
"Rộng rãi, thoáng mát , khung cảnh thiên nhiên đẹp",5
"Rộng rãi, thoáng mát và sang trọng",5
Sạch,4
"Sạch đẹp, thích hợp cho trẻ nhỏ",5
sạch sẽ,4
Sạch sẽ,4
"Sạch sẽ ,Đẹp , cổ điển",5
sạch sẽ nhưng hơi xa,4
Sạch sẽ thân thiện,5
Sạch sẽ và thân thiện,5
Sạch sẽ và tiện lợi,5
Sạch sẽ và tiện nghi,5
"Sạch sẽ, dịch vụ tốt",5
"Sạch sẽ, đẹp, tiện nghi, thoải mái",5
"Sạch sẽ, gần trung tâm",5
"Sạch sẽ, thơm tho, mát mẻ, ngon, chuyến đi rất thú vị, nhanh chóng, chuyên nghiệp, đẳng cấp thế giới, nhân viên rất tốt.",5
"Sạch sẽ, tiện nghi",5
"Sạch, hiện đại nhưng bị phụ thu phí",2
Sài gòn ngày trở lại,4
Sang trọng,5
sang trọng và đắt tiền,5
Sang trọng và thân thiện,5
"Sang trọng, dịch vụ chuyên nghiệp, rất hài lòng.",5
"Sang trọng, hiện đại và chuyên nghiệp",5
"Sang trọng, phòng đẹp, rất sạch, thiết kế sang trọng",5
"Sang trọng, tiện ích và đầy tính nghệ thuật",5
Sang xịn mịn,5
Sảnh cà phê- nhân viên thân thiện,4
Sanouva là một khách sạn tuyệt vời !,5
Sẽ ghé vào lần sau,4
Sẽ giới thiệu cho bạn bè,4
sẽ không hối tiếc,4
Sẽ quay lại,4
Sẽ quay lại cũng gia đình,4
Sẽ quay lại lần sau,4
Sẽ quay lại nơi này vì tất cả.,5
Sẽ quay lại vì khá thích.,5
Sẽ quay trở lại khách sạn nếu có dịp.,4
Sẽ trở lại,4
Sheraton Nha Trang - khách sạn tốt nhất,5
Sheraton Nha Trang - sự lựa chọn tuyệt vời,5
Sheraton trong trái tim tôi,5
Siêu tuyệt vời,5
Sinh nhật,3
Sinh nhật bạn,3
Sinh nhật bạn bè,3
Sinh nhật bạn tại Vinpearl,3
Sinh nhật con gái tôi,3
Sinh nhật của tôi,3
Sinh nhật cùng bạn bè,3